-- phpMyAdmin SQL Dump
-- version 5.2.0
-- https://www.phpmyadmin.net/
--
-- Хост: 127.0.0.1:3306
-- Время создания: Июл 24 2025 г., 13:43
-- Версия сервера: 8.0.30
-- Версия PHP: 7.2.34

SET SQL_MODE = "NO_AUTO_VALUE_ON_ZERO";
START TRANSACTION;
SET time_zone = "+00:00";


/*!40101 SET @OLD_CHARACTER_SET_CLIENT=@@CHARACTER_SET_CLIENT */;
/*!40101 SET @OLD_CHARACTER_SET_RESULTS=@@CHARACTER_SET_RESULTS */;
/*!40101 SET @OLD_COLLATION_CONNECTION=@@COLLATION_CONNECTION */;
/*!40101 SET NAMES utf8mb4 */;

--
-- База данных: `SB_Tests`
--

-- --------------------------------------------------------

--
-- Структура таблицы `Answers`
--

CREATE TABLE `Answers` (
  `id` int NOT NULL,
  `answer` text,
  `points` int DEFAULT NULL,
  `answer_char` varchar(3) DEFAULT NULL,
  `question_id` int NOT NULL
) ENGINE=InnoDB DEFAULT CHARSET=utf8mb4 COLLATE=utf8mb4_0900_ai_ci;

--
-- Дамп данных таблицы `Answers`
--

INSERT INTO `Answers` (`id`, `answer`, `points`, `answer_char`, `question_id`) VALUES
(3322, 'Да', 10, NULL, 106),
(3323, 'Да', 10, NULL, 107),
(3324, 'Да', 0, NULL, 108),
(3325, 'Да', 0, NULL, 109),
(3326, 'Да', 0, NULL, 110),
(3327, 'Да', 0, NULL, 111),
(3328, 'Да', 0, NULL, 112),
(3329, 'Да', 0, NULL, 113),
(3330, 'Да', 0, NULL, 114),
(3331, 'Да', 10, NULL, 115),
(3332, 'Да', 0, NULL, 116),
(3333, 'Да', 10, NULL, 117),
(3334, 'Да', 0, NULL, 118),
(3335, 'Да', 0, NULL, 119),
(3336, 'Да', 10, NULL, 120),
(3337, 'Да', 0, NULL, 121),
(3338, 'Да', 10, NULL, 122),
(3339, 'Да', 10, NULL, 123),
(3340, 'Да', 10, NULL, 124),
(3341, 'Да', 10, NULL, 125),
(3342, 'Да', 10, NULL, 126),
(3343, 'Да', 0, NULL, 127),
(3344, 'Да', 0, NULL, 128),
(3345, 'Да', 10, NULL, 129),
(3346, 'Да', 0, NULL, 130),
(3347, 'Да', 10, NULL, 131),
(3348, 'Да', 10, NULL, 132),
(3349, 'Да', 10, NULL, 133),
(3350, 'Да', 0, NULL, 134),
(3351, 'Да', 10, NULL, 135),
(3352, 'Да', 10, NULL, 136),
(3353, 'Да', 0, NULL, 137),
(3354, 'Да', 0, NULL, 138),
(3355, 'Да', 10, NULL, 139),
(3356, 'Да', 10, NULL, 140),
(3357, 'Да', 0, NULL, 141),
(3358, 'Да', 10, NULL, 142),
(3359, 'Да', 10, NULL, 143),
(3360, 'Да', 10, NULL, 144),
(3361, 'Да', 0, NULL, 145),
(3362, 'Да', 0, NULL, 146),
(3363, 'Да', 0, NULL, 147),
(3364, 'Да', 10, NULL, 148),
(3365, 'Да', 10, NULL, 149),
(3366, 'Да', 10, NULL, 150),
(3367, 'Да', 10, NULL, 151),
(3368, 'Да', 0, NULL, 152),
(3369, 'Да', 0, NULL, 153),
(3370, 'Да', 10, NULL, 154),
(3371, 'Да', 10, NULL, 155),
(3372, 'Да', 10, NULL, 156),
(3373, 'Да', 0, NULL, 157),
(3374, 'Да', 10, NULL, 158),
(3375, 'Да', 10, NULL, 159),
(3376, 'Да', 0, NULL, 160),
(3377, 'Да', 0, NULL, 161),
(3378, 'Да', 0, NULL, 162),
(3379, 'Да', 0, NULL, 163),
(3380, 'Да', 0, NULL, 164),
(3381, 'Да', 10, NULL, 165),
(3382, 'Да', 10, NULL, 166),
(3383, 'Да', 10, NULL, 167),
(3384, 'Да', 10, NULL, 168),
(3385, 'Да', 10, NULL, 169),
(3386, 'Да', 10, NULL, 170),
(3387, 'Да', 0, NULL, 171),
(3388, 'Да', 10, NULL, 172),
(3389, 'Да', 10, NULL, 173),
(3390, 'Да', 10, NULL, 174),
(3391, 'Да', 10, NULL, 175),
(3392, 'Да', 0, NULL, 176),
(3393, 'Да', 0, NULL, 177),
(3394, 'Да', 10, NULL, 178),
(3395, 'Да', 10, NULL, 179),
(3396, 'Да', 10, NULL, 180),
(3397, 'Да', 10, NULL, 181),
(3398, 'Да', 0, NULL, 182),
(3399, 'Да', 10, NULL, 183),
(3400, 'Да', 0, NULL, 184),
(3401, 'Да', 10, NULL, 185),
(3402, 'Да', 10, NULL, 186),
(3403, 'Да', 10, NULL, 187),
(3404, 'Да', 10, NULL, 188),
(3405, 'Да', 10, NULL, 189),
(3406, 'Да', 10, NULL, 190),
(3407, 'Да', 10, NULL, 191),
(3408, 'Да', 10, NULL, 192),
(3409, 'Да', 10, NULL, 193),
(3410, 'Да', 0, NULL, 194),
(3411, 'Да', 0, NULL, 195),
(3412, 'Да', 0, NULL, 196),
(3413, 'Да', 10, NULL, 197),
(3414, 'Да', 10, NULL, 198),
(3415, 'Да', 10, NULL, 199),
(3416, 'Да', 0, NULL, 200),
(3417, 'Да', 10, NULL, 201),
(3418, 'Да', 0, NULL, 202),
(3419, 'Да', 10, NULL, 203),
(3420, 'Да', 10, NULL, 204),
(3421, 'Да', 0, NULL, 205),
(3422, 'Да', 10, NULL, 206),
(3423, 'Да', 10, NULL, 207),
(3424, 'Да', 10, NULL, 208),
(3425, 'Да', 0, NULL, 209),
(3426, 'Да', 10, NULL, 210),
(3427, 'Да', 10, NULL, 211),
(3428, 'Да', 0, NULL, 212),
(3429, 'Да', 0, NULL, 213),
(3430, 'Да', 10, NULL, 214),
(3431, 'Да', 0, NULL, 215),
(3432, 'Да', 0, NULL, 216),
(3433, 'Да', 10, NULL, 217),
(3434, 'Да', 0, NULL, 218),
(3435, 'Да', 10, NULL, 219),
(3436, 'Да', 10, NULL, 220),
(3437, 'Да', 10, NULL, 221),
(3438, 'Да', 10, NULL, 222),
(3439, 'Да', 10, NULL, 223),
(3440, 'Да', 0, NULL, 224),
(3441, 'Да', 10, NULL, 225),
(3442, 'Да', 0, NULL, 226),
(3443, 'Да', 0, NULL, 227),
(3444, 'Да', 0, NULL, 228),
(3445, 'Да', 10, NULL, 229),
(3446, 'Да', 10, NULL, 230),
(3447, 'Да', 10, NULL, 231),
(3448, 'Да', 0, NULL, 232),
(3449, 'Да', 0, NULL, 233),
(3450, 'Да', 0, NULL, 234),
(3451, 'Да', 0, NULL, 235),
(3452, 'Да', 0, NULL, 236),
(3453, 'Да', 0, NULL, 237),
(3454, 'Да', 10, NULL, 238),
(3455, 'Да', 10, NULL, 239),
(3456, 'Да', 0, NULL, 240),
(3457, 'Да', 0, NULL, 241),
(3458, 'Да', 10, NULL, 242),
(3459, 'Да', 10, NULL, 243),
(3460, 'Да', 0, NULL, 244),
(3461, 'Да', 10, NULL, 245),
(3462, 'Иногда', 5, NULL, 106),
(3463, 'Иногда', 5, NULL, 107),
(3464, 'Иногда', 5, NULL, 108),
(3465, 'Иногда', 5, NULL, 109),
(3466, 'Иногда', 5, NULL, 110),
(3467, 'Иногда', 5, NULL, 111),
(3468, 'Иногда', 5, NULL, 112),
(3469, 'Иногда', 5, NULL, 113),
(3470, 'Иногда', 5, NULL, 114),
(3471, 'Иногда', 5, NULL, 115),
(3472, 'Иногда', 5, NULL, 116),
(3473, 'Иногда', 5, NULL, 117),
(3474, 'Иногда', 5, NULL, 118),
(3475, 'Иногда', 5, NULL, 119),
(3476, 'Иногда', 5, NULL, 120),
(3477, 'Иногда', 5, NULL, 121),
(3478, 'Иногда', 5, NULL, 122),
(3479, 'Иногда', 5, NULL, 123),
(3480, 'Иногда', 5, NULL, 124),
(3481, 'Иногда', 5, NULL, 125),
(3482, 'Иногда', 5, NULL, 126),
(3483, 'Иногда', 5, NULL, 127),
(3484, 'Иногда', 5, NULL, 128),
(3485, 'Иногда', 5, NULL, 129),
(3486, 'Иногда', 5, NULL, 130),
(3487, 'Иногда', 5, NULL, 131),
(3488, 'Иногда', 5, NULL, 132),
(3489, 'Иногда', 5, NULL, 133),
(3490, 'Иногда', 5, NULL, 134),
(3491, 'Иногда', 5, NULL, 135),
(3492, 'Иногда', 5, NULL, 136),
(3493, 'Иногда', 5, NULL, 137),
(3494, 'Иногда', 5, NULL, 138),
(3495, 'Иногда', 5, NULL, 139),
(3496, 'Иногда', 5, NULL, 140),
(3497, 'Иногда', 5, NULL, 141),
(3498, 'Иногда', 5, NULL, 142),
(3499, 'Иногда', 5, NULL, 143),
(3500, 'Иногда', 5, NULL, 144),
(3501, 'Иногда', 5, NULL, 145),
(3502, 'Иногда', 5, NULL, 146),
(3503, 'Иногда', 5, NULL, 147),
(3504, 'Иногда', 5, NULL, 148),
(3505, 'Иногда', 5, NULL, 149),
(3506, 'Иногда', 5, NULL, 150),
(3507, 'Иногда', 5, NULL, 151),
(3508, 'Иногда', 5, NULL, 152),
(3509, 'Иногда', 5, NULL, 153),
(3510, 'Иногда', 5, NULL, 154),
(3511, 'Иногда', 5, NULL, 155),
(3512, 'Иногда', 5, NULL, 156),
(3513, 'Иногда', 5, NULL, 157),
(3514, 'Иногда', 5, NULL, 158),
(3515, 'Иногда', 5, NULL, 159),
(3516, 'Иногда', 5, NULL, 160),
(3517, 'Иногда', 5, NULL, 161),
(3518, 'Иногда', 5, NULL, 162),
(3519, 'Иногда', 5, NULL, 163),
(3520, 'Иногда', 5, NULL, 164),
(3521, 'Иногда', 5, NULL, 165),
(3522, 'Иногда', 5, NULL, 166),
(3523, 'Иногда', 5, NULL, 167),
(3524, 'Иногда', 5, NULL, 168),
(3525, 'Иногда', 5, NULL, 169),
(3526, 'Иногда', 5, NULL, 170),
(3527, 'Иногда', 5, NULL, 171),
(3528, 'Иногда', 5, NULL, 172),
(3529, 'Иногда', 5, NULL, 173),
(3530, 'Иногда', 5, NULL, 174),
(3531, 'Иногда', 5, NULL, 175),
(3532, 'Иногда', 5, NULL, 176),
(3533, 'Иногда', 5, NULL, 177),
(3534, 'Иногда', 5, NULL, 178),
(3535, 'Иногда', 5, NULL, 179),
(3536, 'Иногда', 5, NULL, 180),
(3537, 'Иногда', 5, NULL, 181),
(3538, 'Иногда', 5, NULL, 182),
(3539, 'Иногда', 5, NULL, 183),
(3540, 'Иногда', 5, NULL, 184),
(3541, 'Иногда', 5, NULL, 185),
(3542, 'Иногда', 5, NULL, 186),
(3543, 'Иногда', 5, NULL, 187),
(3544, 'Иногда', 5, NULL, 188),
(3545, 'Иногда', 5, NULL, 189),
(3546, 'Иногда', 5, NULL, 190),
(3547, 'Иногда', 5, NULL, 191),
(3548, 'Иногда', 5, NULL, 192),
(3549, 'Иногда', 5, NULL, 193),
(3550, 'Иногда', 5, NULL, 194),
(3551, 'Иногда', 5, NULL, 195),
(3552, 'Иногда', 5, NULL, 196),
(3553, 'Иногда', 5, NULL, 197),
(3554, 'Иногда', 5, NULL, 198),
(3555, 'Иногда', 5, NULL, 199),
(3556, 'Иногда', 5, NULL, 200),
(3557, 'Иногда', 5, NULL, 201),
(3558, 'Иногда', 5, NULL, 202),
(3559, 'Иногда', 5, NULL, 203),
(3560, 'Иногда', 5, NULL, 204),
(3561, 'Иногда', 5, NULL, 205),
(3562, 'Иногда', 5, NULL, 206),
(3563, 'Иногда', 5, NULL, 207),
(3564, 'Иногда', 5, NULL, 208),
(3565, 'Иногда', 5, NULL, 209),
(3566, 'Иногда', 5, NULL, 210),
(3567, 'Иногда', 5, NULL, 211),
(3568, 'Иногда', 5, NULL, 212),
(3569, 'Иногда', 5, NULL, 213),
(3570, 'Иногда', 5, NULL, 214),
(3571, 'Иногда', 5, NULL, 215),
(3572, 'Иногда', 5, NULL, 216),
(3573, 'Иногда', 5, NULL, 217),
(3574, 'Иногда', 5, NULL, 218),
(3575, 'Иногда', 5, NULL, 219),
(3576, 'Иногда', 5, NULL, 220),
(3577, 'Иногда', 5, NULL, 221),
(3578, 'Иногда', 5, NULL, 222),
(3579, 'Иногда', 5, NULL, 223),
(3580, 'Иногда', 5, NULL, 224),
(3581, 'Иногда', 5, NULL, 225),
(3582, 'Иногда', 5, NULL, 226),
(3583, 'Иногда', 5, NULL, 227),
(3584, 'Иногда', 5, NULL, 228),
(3585, 'Иногда', 5, NULL, 229),
(3586, 'Иногда', 5, NULL, 230),
(3587, 'Иногда', 5, NULL, 231),
(3588, 'Иногда', 5, NULL, 232),
(3589, 'Иногда', 5, NULL, 233),
(3590, 'Иногда', 5, NULL, 234),
(3591, 'Иногда', 5, NULL, 235),
(3592, 'Иногда', 5, NULL, 236),
(3593, 'Иногда', 5, NULL, 237),
(3594, 'Иногда', 5, NULL, 238),
(3595, 'Иногда', 5, NULL, 239),
(3596, 'Иногда', 5, NULL, 240),
(3597, 'Иногда', 5, NULL, 241),
(3598, 'Иногда', 5, NULL, 242),
(3599, 'Иногда', 5, NULL, 243),
(3600, 'Иногда', 5, NULL, 244),
(3601, 'Иногда', 5, NULL, 245),
(3602, 'Нет', 0, NULL, 106),
(3603, 'Нет', 0, NULL, 107),
(3604, 'Нет', 10, NULL, 108),
(3605, 'Нет', 10, NULL, 109),
(3606, 'Нет', 10, NULL, 110),
(3607, 'Нет', 10, NULL, 111),
(3608, 'Нет', 10, NULL, 112),
(3609, 'Нет', 10, NULL, 113),
(3610, 'Нет', 10, NULL, 114),
(3611, 'Нет', 10, NULL, 115),
(3612, 'Нет', 10, NULL, 116),
(3613, 'Нет', 0, NULL, 117),
(3614, 'Нет', 10, NULL, 118),
(3615, 'Нет', 10, NULL, 119),
(3616, 'Нет', 0, NULL, 120),
(3617, 'Нет', 10, NULL, 121),
(3618, 'Нет', 0, NULL, 122),
(3619, 'Нет', 0, NULL, 123),
(3620, 'Нет', 0, NULL, 124),
(3621, 'Нет', 0, NULL, 125),
(3622, 'Нет', 0, NULL, 126),
(3623, 'Нет', 10, NULL, 127),
(3624, 'Нет', 10, NULL, 128),
(3625, 'Нет', 0, NULL, 129),
(3626, 'Нет', 10, NULL, 130),
(3627, 'Нет', 0, NULL, 131),
(3628, 'Нет', 0, NULL, 132),
(3629, 'Нет', 0, NULL, 133),
(3630, 'Нет', 10, NULL, 134),
(3631, 'Нет', 0, NULL, 135),
(3632, 'Нет', 0, NULL, 136),
(3633, 'Нет', 10, NULL, 137),
(3634, 'Нет', 10, NULL, 138),
(3635, 'Нет', 0, NULL, 139),
(3636, 'Нет', 0, NULL, 140),
(3637, 'Нет', 10, NULL, 141),
(3638, 'Нет', 0, NULL, 142),
(3639, 'Нет', 0, NULL, 143),
(3640, 'Нет', 0, NULL, 144),
(3641, 'Нет', 10, NULL, 145),
(3642, 'Нет', 10, NULL, 146),
(3643, 'Нет', 10, NULL, 147),
(3644, 'Нет', 0, NULL, 148),
(3645, 'Нет', 0, NULL, 149),
(3646, 'Нет', 0, NULL, 150),
(3647, 'Нет', 0, NULL, 151),
(3648, 'Нет', 10, NULL, 152),
(3649, 'Нет', 10, NULL, 153),
(3650, 'Нет', 0, NULL, 154),
(3651, 'Нет', 0, NULL, 155),
(3652, 'Нет', 0, NULL, 156),
(3653, 'Нет', 10, NULL, 157),
(3654, 'Нет', 0, NULL, 158),
(3655, 'Нет', 0, NULL, 159),
(3656, 'Нет', 10, NULL, 160),
(3657, 'Нет', 10, NULL, 161),
(3658, 'Нет', 10, NULL, 162),
(3659, 'Нет', 10, NULL, 163),
(3660, 'Нет', 10, NULL, 164),
(3661, 'Нет', 0, NULL, 165),
(3662, 'Нет', 0, NULL, 166),
(3663, 'Нет', 0, NULL, 167),
(3664, 'Нет', 0, NULL, 168),
(3665, 'Нет', 0, NULL, 169),
(3666, 'Нет', 0, NULL, 170),
(3667, 'Нет', 10, NULL, 171),
(3668, 'Нет', 0, NULL, 172),
(3669, 'Нет', 0, NULL, 173),
(3670, 'Нет', 0, NULL, 174),
(3671, 'Нет', 0, NULL, 175),
(3672, 'Нет', 10, NULL, 176),
(3673, 'Нет', 10, NULL, 177),
(3674, 'Нет', 0, NULL, 178),
(3675, 'Нет', 0, NULL, 179),
(3676, 'Нет', 0, NULL, 180),
(3677, 'Нет', 0, NULL, 181),
(3678, 'Нет', 10, NULL, 182),
(3679, 'Нет', 0, NULL, 183),
(3680, 'Нет', 10, NULL, 184),
(3681, 'Нет', 0, NULL, 185),
(3682, 'Нет', 0, NULL, 186),
(3683, 'Нет', 0, NULL, 187),
(3684, 'Нет', 0, NULL, 188),
(3685, 'Нет', 0, NULL, 189),
(3686, 'Нет', 0, NULL, 190),
(3687, 'Нет', 0, NULL, 191),
(3688, 'Нет', 0, NULL, 192),
(3689, 'Нет', 0, NULL, 193),
(3690, 'Нет', 10, NULL, 194),
(3691, 'Нет', 10, NULL, 195),
(3692, 'Нет', 10, NULL, 196),
(3693, 'Нет', 0, NULL, 197),
(3694, 'Нет', 0, NULL, 198),
(3695, 'Нет', 0, NULL, 199),
(3696, 'Нет', 10, NULL, 200),
(3697, 'Нет', 0, NULL, 201),
(3698, 'Нет', 10, NULL, 202),
(3699, 'Нет', 0, NULL, 203),
(3700, 'Нет', 0, NULL, 204),
(3701, 'Нет', 10, NULL, 205),
(3702, 'Нет', 0, NULL, 206),
(3703, 'Нет', 0, NULL, 207),
(3704, 'Нет', 0, NULL, 208),
(3705, 'Нет', 10, NULL, 209),
(3706, 'Нет', 0, NULL, 210),
(3707, 'Нет', 0, NULL, 211),
(3708, 'Нет', 10, NULL, 212),
(3709, 'Нет', 10, NULL, 213),
(3710, 'Нет', 0, NULL, 214),
(3711, 'Нет', 10, NULL, 215),
(3712, 'Нет', 10, NULL, 216),
(3713, 'Нет', 0, NULL, 217),
(3714, 'Нет', 10, NULL, 218),
(3715, 'Нет', 0, NULL, 219),
(3716, 'Нет', 0, NULL, 220),
(3717, 'Нет', 0, NULL, 221),
(3718, 'Нет', 0, NULL, 222),
(3719, 'Нет', 0, NULL, 223),
(3720, 'Нет', 10, NULL, 224),
(3721, 'Нет', 0, NULL, 225),
(3722, 'Нет', 10, NULL, 226),
(3723, 'Нет', 10, NULL, 227),
(3724, 'Нет', 10, NULL, 228),
(3725, 'Нет', 0, NULL, 229),
(3726, 'Нет', 0, NULL, 230),
(3727, 'Нет', 0, NULL, 231),
(3728, 'Нет', 10, NULL, 232),
(3729, 'Нет', 10, NULL, 233),
(3730, 'Нет', 10, NULL, 234),
(3731, 'Нет', 10, NULL, 235),
(3732, 'Нет', 10, NULL, 236),
(3733, 'Нет', 10, NULL, 237),
(3734, 'Нет', 0, NULL, 238),
(3735, 'Нет', 0, NULL, 239),
(3736, 'Нет', 10, NULL, 240),
(3737, 'Нет', 10, NULL, 241),
(3738, 'Нет', 0, NULL, 242),
(3739, 'Нет', 0, NULL, 243),
(3740, 'Нет', 10, NULL, 244),
(3741, 'Нет', 0, NULL, 245),
(3742, '160', 0, 'a', 246),
(3743, '16', 0, 'b', 246),
(3744, '20', 1, 'c', 246),
(3745, '64', 0, 'd', 246),
(3746, '6', 0, 'e', 246),
(3747, 'глаза', 0, 'a', 247),
(3748, 'нос', 0, 'b', 247),
(3749, 'игрушки', 1, 'c', 247),
(3750, 'лёгкое', 0, 'd', 247),
(3751, 'рот', 0, 'e', 247),
(3752, 'учебники', 0, 'a', 248),
(3753, 'доска', 0, 'b', 248),
(3754, 'дворник', 0, 'c', 248),
(3755, 'учитель', 1, 'd', 248),
(3756, 'карандаши', 0, 'e', 248),
(3757, 'богатству', 0, 'a', 249),
(3758, 'внешности', 0, 'b', 249),
(3759, 'голосу', 0, 'c', 249),
(3760, 'поступкам', 1, 'd', 249),
(3761, 'туфлям', 0, 'e', 249),
(3762, '', 0, 'a', 250),
(3763, '', 0, 'b', 250),
(3764, '', 1, 'c', 250),
(3765, '', 0, 'd', 250),
(3766, 'сильный', 0, 'a', 251),
(3767, 'здоровый', 0, 'b', 251),
(3768, 'красивый', 0, 'c', 251),
(3769, 'медленный', 0, 'd', 251),
(3770, 'грациозный', 1, 'e', 251),
(3771, 'Венерой', 0, 'a', 252),
(3772, 'облаками', 0, 'b', 252),
(3773, 'Солнцем', 1, 'c', 252),
(3774, 'звёздами', 0, 'd', 252),
(3775, 'Вселенной', 0, 'e', 252),
(3776, 'верно', 1, 'a', 253),
(3777, 'неверно', 0, 'b', 253),
(3778, 'неопределённо', 0, 'c', 253),
(3779, 'скорый', 0, 'a', 254),
(3780, 'быстрый', 0, 'b', 254),
(3781, 'скоростной', 0, 'c', 254),
(3782, 'бежать', 1, 'd', 254),
(3783, 'проворный', 0, 'e', 254),
(3784, 'фрукты', 0, 'a', 255),
(3785, 'форточка', 0, 'b', 255),
(3786, 'фабрика', 1, 'c', 255),
(3787, 'фаянс', 0, 'd', 255),
(3788, 'фейерверк', 0, 'e', 255),
(3789, 'красивее', 0, 'a', 256),
(3790, 'чище', 0, 'b', 256),
(3791, 'прозрачны', 0, 'c', 256),
(3792, 'из углерода', 0, 'd', 256),
(3793, 'реже встречаются', 1, 'e', 256),
(3794, 'Т', 0, 'a', 257),
(3795, 'Р', 0, 'b', 257),
(3796, 'П', 0, 'c', 257),
(3797, 'А', 0, 'd', 257),
(3798, 'Г', 1, 'e', 257),
(3799, 'безопасное', 0, 'a', 258),
(3800, 'смутное', 1, 'b', 258),
(3801, 'забытое', 0, 'c', 258),
(3802, 'прекрасное', 0, 'd', 258),
(3803, 'грустное', 0, 'e', 258),
(3804, '500', 0, 'a', 259),
(3805, '350', 0, 'b', 259),
(3806, '2500', 0, 'c', 259),
(3807, '1000', 1, 'd', 259),
(3808, '250', 0, 'e', 259),
(3809, 'бензин', 0, 'a', 260),
(3810, 'нефть', 0, 'b', 260),
(3811, 'дерево', 0, 'c', 260),
(3812, 'электричество', 1, 'd', 260),
(3813, 'уголь', 0, 'e', 260),
(3814, '205', 0, 'a', 261),
(3815, '55', 0, 'b', 261),
(3816, '175', 1, 'c', 261),
(3817, '120', 0, 'd', 261),
(3818, '195', 0, 'e', 261),
(3819, '7', 0, 'a', 262),
(3820, '9', 1, 'b', 262),
(3821, '10', 0, 'c', 262),
(3822, '12', 0, 'd', 262),
(3823, '6', 0, 'e', 262),
(3824, '', 1, 'a', 263),
(3825, '', 0, 'b', 263),
(3826, '', 0, 'c', 263),
(3827, '', 0, 'd', 263),
(3828, '2.50 руб.', 0, 'a', 264),
(3829, '35 копеек', 0, 'b', 264),
(3830, '21 копейка', 0, 'c', 264),
(3831, '1.20 руб.', 1, 'd', 264),
(3832, '75 копеек', 0, 'e', 264),
(3833, 'бросать', 0, 'a', 265),
(3834, 'опротиветь', 0, 'b', 265),
(3835, 'отвергать', 0, 'c', 265),
(3836, 'откликаться', 0, 'd', 265),
(3837, 'слушать', 1, 'e', 265),
(3838, 'разрушающий', 0, 'a', 266),
(3839, 'скупой', 0, 'b', 266),
(3840, 'напрасный', 0, 'c', 266),
(3841, 'расточительный', 1, 'd', 266),
(3842, 'тратящий', 0, 'e', 266),
(3843, 'аргумента', 0, 'a', 267),
(3844, 'офиса', 0, 'b', 267),
(3845, 'председателя', 0, 'c', 267),
(3846, 'слушателей', 0, 'd', 267),
(3847, 'темы', 1, 'e', 267),
(3848, 'П', 0, 'a', 268),
(3849, 'Р', 0, 'b', 268),
(3850, 'Н', 1, 'c', 268),
(3851, 'Г', 0, 'd', 268),
(3852, 'А', 0, 'e', 268),
(3853, 'верно', 0, 'a', 269),
(3854, 'неверно', 0, 'b', 269),
(3855, 'неопределённо', 1, 'c', 269),
(3856, 'неплохой к хороший', 0, 'a', 270),
(3857, 'привлекательный к прекрасный', 0, 'b', 270),
(3858, 'маленький к мелкий', 1, 'c', 270),
(3859, 'тёплый к горячий', 0, 'd', 270),
(3860, '3', 0, 'a', 271),
(3861, '6', 0, 'b', 271),
(3862, '7', 0, 'c', 271),
(3863, '5', 1, 'd', 271),
(3864, '4', 0, 'e', 271),
(3865, 'устаревшим', 0, 'a', 272),
(3866, 'абсолютным', 1, 'b', 272),
(3867, 'гипотетическим', 0, 'c', 272),
(3868, 'теоретическим', 0, 'd', 272),
(3869, 'уточняемым', 0, 'e', 272),
(3870, 'лук', 0, 'a', 273),
(3871, 'боты', 0, 'b', 273),
(3872, 'край', 0, 'c', 273),
(3873, 'кипа', 0, 'd', 273),
(3874, 'лоза', 1, 'e', 273),
(3875, 'остановившийся', 0, 'a', 274),
(3876, 'каждый', 0, 'b', 274),
(3877, 'идущий', 0, 'c', 274),
(3878, 'добавочный', 0, 'd', 274),
(3879, 'быстрый', 1, 'e', 274),
(3880, 'редко', 0, 'a', 275),
(3881, 'периодически', 0, 'b', 275),
(3882, 'часто', 1, 'c', 275),
(3883, 'никогда', 0, 'd', 275),
(3884, 'переменно', 0, 'e', 275),
(3885, '14', 1, 'a', 276),
(3886, '12', 0, 'b', 276),
(3887, '6', 0, 'c', 276),
(3888, '9', 0, 'd', 276),
(3889, '15', 0, 'e', 276),
(3890, 'любовь', 0, 'a', 277),
(3891, 'ободрение', 0, 'b', 277),
(3892, 'радость', 0, 'c', 277),
(3893, 'неприязнь', 1, 'd', 277),
(3894, 'страх', 0, 'e', 277),
(3895, 'плавание', 0, 'a', 278),
(3896, 'водопад', 1, 'b', 278),
(3897, 'яхта', 0, 'c', 278),
(3898, 'рыба', 0, 'd', 278),
(3899, 'вода', 0, 'e', 278),
(3900, 'напитки', 0, 'a', 279),
(3901, 'игры', 0, 'b', 279),
(3902, 'гости', 1, 'c', 279),
(3903, 'кабаре', 0, 'd', 279),
(3904, 'официанты', 0, 'e', 279),
(3905, 'тяжёлым', 0, 'a', 280),
(3906, 'движением', 0, 'b', 280),
(3907, 'весом', 1, 'c', 280),
(3908, 'граммами', 0, 'd', 280),
(3909, 'грузовиком', 0, 'e', 280),
(3910, 'хаос', 0, 'a', 281),
(3911, 'деятельность', 0, 'b', 281),
(3912, 'перестановка', 1, 'c', 281),
(3913, 'путаница', 0, 'd', 281),
(3914, 'продвижение', 0, 'e', 281),
(3915, 'верно', 0, 'a', 282),
(3916, 'неверно', 1, 'b', 282),
(3917, 'неопределённо', 0, 'c', 282),
(3918, 'А', 0, 'a', 283),
(3919, 'Д', 0, 'b', 283),
(3920, 'М', 1, 'c', 283),
(3921, 'Н', 0, 'd', 283),
(3922, 'И', 0, 'e', 283),
(3923, '', 0, 'a', 284),
(3924, '', 1, 'b', 284),
(3925, '', 0, 'c', 284),
(3926, '', 0, 'd', 284),
(3927, 'ложь', 0, 'a', 285),
(3928, 'отпуск', 0, 'b', 285),
(3929, 'присутствие', 1, 'c', 285),
(3930, 'прогул', 0, 'd', 285),
(3931, 'визит', 0, 'e', 285),
(3932, 'выше', 0, 'a', 286),
(3933, 'медлительнее', 0, 'b', 286),
(3934, 'старше', 1, 'c', 286),
(3935, 'умнее', 0, 'd', 286),
(3936, 'проницательнее', 0, 'e', 286),
(3937, 'темперамент', 0, 'a', 287),
(3938, 'расовую принадлежность', 1, 'b', 287),
(3939, 'место рождения', 0, 'c', 287),
(3940, 'место проживания', 0, 'd', 287),
(3941, 'личность', 0, 'e', 287),
(3942, 'двери', 0, 'a', 288),
(3943, 'окна', 0, 'b', 288),
(3944, 'стены', 1, 'c', 288),
(3945, 'кирпичи', 0, 'd', 288),
(3946, 'трубы', 0, 'e', 288),
(3947, 'стороны', 0, 'a', 289),
(3948, 'окружность', 1, 'b', 289),
(3949, 'треугольник', 0, 'c', 289),
(3950, 'углы', 0, 'd', 289),
(3951, 'размер', 0, 'e', 289),
(3952, 'грустный-жалость', 1, 'a', 290),
(3953, 'красивый-уродливый', 0, 'b', 290),
(3954, 'правда-ложь', 0, 'c', 290),
(3955, 'давать-брать', 0, 'd', 290),
(3956, 'противоположное', 0, 'a', 291),
(3957, 'то же самое', 0, 'b', 291),
(3958, 'ни то же самое, ни противоположное', 1, 'c', 291),
(3959, 'бежать', 0, 'a', 292),
(3960, 'гулять', 0, 'b', 292),
(3961, 'ползти', 0, 'c', 292),
(3962, 'присажиться', 1, 'd', 292),
(3963, 'прыгать', 0, 'e', 292),
(3964, 'неправдоподобной', 1, 'a', 293),
(3965, 'умной', 0, 'b', 293),
(3966, 'губительной', 0, 'c', 293),
(3967, 'недалёкой', 0, 'd', 293),
(3968, 'астрономической', 0, 'e', 293),
(3969, 'упрямый', 0, 'a', 294),
(3970, 'предатель', 0, 'b', 294),
(3971, 'трусливый', 1, 'c', 294),
(3972, 'медлительный', 0, 'd', 294),
(3973, 'безотвественный', 0, 'e', 294),
(3974, 'добиться', 0, 'a', 295),
(3975, 'отступить', 0, 'b', 295),
(3976, 'неудача', 1, 'c', 295),
(3977, 'препятствие', 0, 'd', 295),
(3978, 'победа', 0, 'e', 295),
(3979, 'упреждать', 0, 'a', 296),
(3980, 'прежде', 1, 'b', 296),
(3981, 'слышать прежде', 0, 'c', 296),
(3982, 'идти прежде', 0, 'd', 296),
(3983, 'сделать прежде или после', 0, 'e', 296),
(3984, '1.25 руб.', 0, 'a', 297),
(3985, '1.05 руб.', 1, 'b', 297),
(3986, '75 коп.', 0, 'c', 297),
(3987, '1.57 руб.', 0, 'd', 297),
(3988, '57 коп.', 0, 'e', 297),
(3989, '5', 0, 'a', 298),
(3990, '1', 0, 'b', 298),
(3991, '0', 0, 'c', 298),
(3992, '6', 1, 'd', 298),
(3993, '7', 0, 'e', 298),
(3994, '', 0, 'a', 299),
(3995, '', 1, 'b', 299),
(3996, '', 0, 'c', 299),
(3997, '', 0, 'd', 299),
(3998, 'верно', 0, 'a', 300),
(3999, 'неверно', 0, 'b', 300),
(4000, 'неопределённо', 1, 'c', 300),
(4001, 'Е', 1, 'a', 301),
(4002, 'Л', 0, 'b', 301),
(4003, 'Ь', 0, 'c', 301),
(4004, 'М', 0, 'd', 301),
(4005, 'В', 0, 'e', 301),
(4006, '80', 0, 'a', 302),
(4007, '33⅓', 0, 'b', 302),
(4008, '60', 1, 'c', 302),
(4009, '66⅔', 0, 'd', 302),
(4010, '40', 0, 'e', 302),
(4011, 'осторожным', 0, 'a', 303),
(4012, 'упрямым', 0, 'b', 303),
(4013, 'лживым', 1, 'c', 303),
(4014, 'неинформационным', 0, 'd', 303),
(4015, 'самоуверенным', 0, 'e', 303),
(4016, 'читать книги', 0, 'a', 304),
(4017, 'стелить постели', 0, 'b', 304),
(4018, 'принимать гостей', 0, 'c', 304),
(4019, 'создавать трудности', 1, 'd', 304),
(4020, '12', 0, 'a', 305),
(4021, '8', 0, 'b', 305),
(4022, '15', 1, 'c', 305),
(4023, '18', 0, 'd', 305),
(4024, '20', 0, 'e', 305),
(4025, 'несправедливым', 0, 'a', 306),
(4026, 'верным', 0, 'b', 306),
(4027, 'неоднозначным', 1, 'c', 306),
(4028, 'сомнительным', 0, 'd', 306),
(4029, 'неверным', 0, 'e', 306),
(4030, 'богатство', 0, 'a', 307),
(4031, 'репутация', 0, 'b', 307),
(4032, 'положение', 0, 'c', 307),
(4033, 'замкнутость', 1, 'd', 307),
(4034, 'власть', 0, 'e', 307),
(4035, '11', 0, 'a', 308),
(4036, '3', 1, 'b', 308),
(4037, '5', 0, 'c', 308),
(4038, '9', 0, 'd', 308),
(4039, '10', 0, 'e', 308),
(4040, 'будет', 0, 'a', 309),
(4041, 'сегодня', 0, 'b', 309),
(4042, 'тогда', 1, 'c', 309),
(4043, 'вчера', 0, 'd', 309),
(4044, 'потом', 0, 'e', 309),
(4045, 'Е', 0, 'a', 310),
(4046, 'Й', 0, 'b', 310),
(4047, 'Т', 1, 'c', 310),
(4048, '', 0, 'a', 311),
(4049, '', 0, 'b', 311),
(4050, '', 0, 'c', 311),
(4051, '', 1, 'd', 311),
(4052, '92', 0, 'a', 312),
(4053, '48', 0, 'b', 312),
(4054, '88', 1, 'c', 312),
(4055, '90', 0, 'd', 312),
(4056, '76', 0, 'e', 312),
(4057, 'вода', 0, 'a', 313),
(4058, 'снег', 1, 'b', 313),
(4059, 'нефть', 0, 'c', 313),
(4060, 'сыр', 0, 'd', 313),
(4061, 'море', 0, 'e', 313),
(4062, 'ОКНО', 0, 'a', 314),
(4063, 'МАМА', 0, 'b', 314),
(4064, 'ЛАПА', 0, 'c', 314),
(4065, 'ОНО', 1, 'd', 314),
(4066, 'ЛИЛИЯ', 0, 'e', 314),
(4067, 'осла', 0, 'a', 315),
(4068, 'слона', 0, 'b', 315),
(4069, 'волка', 0, 'c', 315),
(4070, 'кошку', 1, 'd', 315),
(4071, 'зебру', 0, 'e', 315),
(4072, 'всегда', 0, 'a', 316),
(4073, 'никогда не', 0, 'b', 316),
(4074, 'намного', 0, 'c', 316),
(4075, 'обычно', 1, 'd', 316),
(4076, 'редко бывают', 0, 'e', 316),
(4077, 'О', 0, 'a', 317),
(4078, 'Е', 0, 'b', 317),
(4079, 'Р', 0, 'c', 317),
(4080, 'И', 0, 'd', 317),
(4081, 'Н', 1, 'e', 317),
(4082, 'лев', 0, 'a', 318),
(4083, 'акробат', 0, 'b', 318),
(4084, 'клоун', 0, 'c', 318),
(4085, 'цирк', 1, 'd', 318),
(4086, 'лошадь', 0, 'e', 318),
(4087, 'экспрессия', 0, 'a', 319),
(4088, 'девальвация', 0, 'b', 319),
(4089, 'деградация', 1, 'c', 319),
(4090, 'революция', 0, 'd', 319),
(4091, 'замедление', 0, 'e', 319),
(4092, '3', 0, 'a', 320),
(4093, '9', 0, 'b', 320),
(4094, '18', 0, 'c', 320),
(4095, '64', 1, 'd', 320),
(4096, '96', 0, 'e', 320),
(4097, 'верно', 0, 'a', 321),
(4098, 'неверно', 1, 'b', 321),
(4099, 'неопределённо', 0, 'c', 321),
(4100, '36⅓', 0, 'a', 322),
(4101, '16', 1, 'b', 322),
(4102, '18', 0, 'c', 322),
(4103, '23⅔', 0, 'd', 322),
(4104, '24', 0, 'e', 322),
(4105, '1', 0, 'a', 323),
(4106, '2', 0, 'b', 323),
(4107, '3', 1, 'c', 323),
(4108, '4', 0, 'd', 323),
(4109, '5', 0, 'e', 323),
(4110, '1', 0, 'a', 324),
(4111, '2', 0, 'b', 324),
(4112, '3', 1, 'c', 324),
(4113, '4', 0, 'd', 324),
(4114, '5', 0, 'e', 324),
(4115, '4', 0, 'a', 325),
(4116, '3', 0, 'b', 325),
(4117, '2', 0, 'c', 325),
(4118, '6', 1, 'd', 325),
(4119, '5', 0, 'e', 325),
(4120, 'Да', 2, NULL, 326),
(4121, 'Может быть', 4, NULL, 326),
(4122, 'Нет', 6, NULL, 326),
(4123, 'Да', 2, NULL, 333),
(4124, 'Может быть', 4, NULL, 333),
(4125, 'Нет', 5, NULL, 333),
(4126, 'Да', 3, NULL, 340),
(4127, 'Может быть', 3, NULL, 340),
(4128, 'Нет', 6, NULL, 340),
(4129, 'Да', 2, NULL, 342),
(4130, 'Может быть', 4, NULL, 342),
(4131, 'Нет', 5, NULL, 342),
(4132, 'Да', 5, NULL, 367),
(4133, 'Может быть', 3, NULL, 367),
(4134, 'Нет', 3, NULL, 367),
(4135, 'Да', 3, NULL, 371),
(4136, 'Может быть', 3, NULL, 371),
(4137, 'Нет', 5, NULL, 371),
(4138, 'Да', 3, NULL, 377),
(4139, 'Может быть', 4, NULL, 377),
(4140, 'Нет', 4, NULL, 377),
(4141, 'Да', 6, NULL, 383),
(4142, 'Может быть', 3, NULL, 383),
(4143, 'Нет', 3, NULL, 383),
(4144, 'Да', 3, NULL, 408),
(4145, 'Может быть', 3, NULL, 408),
(4146, 'Нет', 6, NULL, 408),
(4147, 'Да', 3, NULL, 412),
(4148, 'Может быть', 3, NULL, 412),
(4149, 'Нет', 5, NULL, 412),
(4150, 'Да', 5, NULL, 418),
(4151, 'Может быть', 3, NULL, 418),
(4152, 'Нет', 3, NULL, 418),
(4153, 'Да', 6, NULL, 421),
(4154, 'Может быть', 4, NULL, 421),
(4155, 'Нет', 2, NULL, 421),
(4156, 'Да', 2, NULL, 449),
(4157, 'Может быть', 3, NULL, 449),
(4158, 'Нет', 6, NULL, 449),
(4159, 'Да', 3, NULL, 453),
(4160, 'Может быть', 4, NULL, 453),
(4161, 'Нет', 6, NULL, 453),
(4162, 'Да', 5, NULL, 456),
(4163, 'Может быть', 3, NULL, 456),
(4164, 'Нет', 2, NULL, 456),
(4165, 'Да', 5, NULL, 463),
(4166, 'Может быть', 3, NULL, 463),
(4167, 'Нет', 3, NULL, 463),
(4168, 'Да', 6, NULL, 490),
(4169, 'Может быть', 3, NULL, 490),
(4170, 'Нет', 3, NULL, 490),
(4171, 'Да', 2, NULL, 494),
(4172, 'Может быть', 3, NULL, 494),
(4173, 'Нет', 6, NULL, 494),
(4174, 'Да', 6, NULL, 498),
(4175, 'Может быть', 3, NULL, 498),
(4176, 'Нет', 2, NULL, 498),
(4177, 'Да', 2, NULL, 501),
(4178, 'Может быть', 2, NULL, 501),
(4179, 'Нет', 6, NULL, 501),
(4180, 'Да', 2, NULL, 346),
(4181, 'Может быть', 3, NULL, 346),
(4182, 'Нет', 6, NULL, 346),
(4183, 'Да', 5, NULL, 352),
(4184, 'Может быть', 4, NULL, 352),
(4185, 'Нет', 4, NULL, 352),
(4186, 'Да', 6, NULL, 358),
(4187, 'Может быть', 5, NULL, 358),
(4188, 'Нет', 3, NULL, 358),
(4189, 'Да', 3, NULL, 361),
(4190, 'Может быть', 5, NULL, 361),
(4191, 'Нет', 6, NULL, 361),
(4192, 'Да', 5, NULL, 387),
(4193, 'Может быть', 4, NULL, 387),
(4194, 'Нет', 4, NULL, 387),
(4195, 'Да', 6, NULL, 393),
(4196, 'Может быть', 4, NULL, 393),
(4197, 'Нет', 3, NULL, 393),
(4198, 'Да', 3, NULL, 396),
(4199, 'Может быть', 5, NULL, 396),
(4200, 'Нет', 6, NULL, 396),
(4201, 'Да', 2, NULL, 403),
(4202, 'Может быть', 5, NULL, 403),
(4203, 'Нет', 6, NULL, 403),
(4204, 'Да', 5, NULL, 426),
(4205, 'Может быть', 4, NULL, 426),
(4206, 'Нет', 4, NULL, 426),
(4207, 'Да', 2, NULL, 431),
(4208, 'Может быть', 3, NULL, 431),
(4209, 'Нет', 7, NULL, 431),
(4210, 'Да', 6, NULL, 438),
(4211, 'Может быть', 4, NULL, 438),
(4212, 'Нет', 3, NULL, 438),
(4213, 'Да', 6, NULL, 441),
(4214, 'Может быть', 4, NULL, 441),
(4215, 'Нет', 3, NULL, 441),
(4216, 'Да', 2, NULL, 466),
(4217, 'Может быть', 5, NULL, 466),
(4218, 'Нет', 6, NULL, 466),
(4219, 'Да', 3, NULL, 473),
(4220, 'Может быть', 4, NULL, 473),
(4221, 'Нет', 6, NULL, 473),
(4222, 'Да', 2, NULL, 476),
(4223, 'Может быть', 5, NULL, 476),
(4224, 'Нет', 6, NULL, 476),
(4225, 'Да', 5, NULL, 483),
(4226, 'Может быть', 5, NULL, 483),
(4227, 'Нет', 3, NULL, 483),
(4228, 'Да', 3, NULL, 506),
(4229, 'Может быть', 3, NULL, 506),
(4230, 'Нет', 6, NULL, 506),
(4231, 'Да', 2, NULL, 513),
(4232, 'Может быть', 2, NULL, 513),
(4233, 'Нет', 6, NULL, 513),
(4234, 'Да', 2, NULL, 517),
(4235, 'Может быть', 4, NULL, 517),
(4236, 'Нет', 6, NULL, 517),
(4237, 'Да', 2, NULL, 521),
(4238, 'Может быть', 5, NULL, 521),
(4239, 'Нет', 6, NULL, 521),
(4240, 'Да', 6, NULL, 327),
(4241, 'Может быть', 5, NULL, 327),
(4242, 'Нет', 3, NULL, 327),
(4243, 'Да', 3, NULL, 331),
(4244, 'Может быть', 3, NULL, 331),
(4245, 'Нет', 6, NULL, 331),
(4246, 'Да', 3, NULL, 336),
(4247, 'Может быть', 4, NULL, 336),
(4248, 'Нет', 5, NULL, 336),
(4249, 'Да', 2, NULL, 343),
(4250, 'Может быть', 6, NULL, 343),
(4251, 'Нет', 6, NULL, 343),
(4252, 'Да', 4, NULL, 368),
(4253, 'Может быть', 4, NULL, 368),
(4254, 'Нет', 5, NULL, 368),
(4255, 'Да', 2, NULL, 372),
(4256, 'Может быть', 5, NULL, 372),
(4257, 'Нет', 6, NULL, 372),
(4258, 'Да', 3, NULL, 378),
(4259, 'Может быть', 4, NULL, 378),
(4260, 'Нет', 6, NULL, 378),
(4261, 'Да', 5, NULL, 381),
(4262, 'Может быть', 3, NULL, 381),
(4263, 'Нет', 3, NULL, 381),
(4264, 'Да', 6, NULL, 406),
(4265, 'Может быть', 3, NULL, 406),
(4266, 'Нет', 3, NULL, 406),
(4267, 'Да', 2, NULL, 411),
(4268, 'Может быть', 4, NULL, 411),
(4269, 'Нет', 6, NULL, 411),
(4270, 'Да', 3, NULL, 416),
(4271, 'Может быть', 4, NULL, 416),
(4272, 'Нет', 6, NULL, 416),
(4273, 'Да', 5, NULL, 422),
(4274, 'Может быть', 5, NULL, 422),
(4275, 'Нет', 3, NULL, 422),
(4276, 'Да', 3, NULL, 447),
(4277, 'Может быть', 4, NULL, 447),
(4278, 'Нет', 6, NULL, 447),
(4279, 'Да', 3, NULL, 455),
(4280, 'Может быть', 5, NULL, 455),
(4281, 'Нет', 6, NULL, 455),
(4282, 'Да', 2, NULL, 457),
(4283, 'Может быть', 4, NULL, 457),
(4284, 'Нет', 6, NULL, 457),
(4285, 'Да', 3, NULL, 461),
(4286, 'Может быть', 5, NULL, 461),
(4287, 'Нет', 5, NULL, 461),
(4288, 'Да', 5, NULL, 489),
(4289, 'Может быть', 5, NULL, 489),
(4290, 'Нет', 2, NULL, 489),
(4291, 'Да', 3, NULL, 491),
(4292, 'Может быть', 3, NULL, 491),
(4293, 'Нет', 6, NULL, 491),
(4294, 'Да', 3, NULL, 496),
(4295, 'Может быть', 3, NULL, 496),
(4296, 'Нет', 6, NULL, 496),
(4297, 'Да', 6, NULL, 502),
(4298, 'Может быть', 4, NULL, 502),
(4299, 'Нет', 4, NULL, 502),
(4300, 'Да', 1, NULL, 347),
(4301, 'Может быть', 5, NULL, 347),
(4302, 'Нет', 6, NULL, 347),
(4303, 'Да', 2, NULL, 351),
(4304, 'Может быть', 3, NULL, 351),
(4305, 'Нет', 6, NULL, 351),
(4306, 'Да', 2, NULL, 357),
(4307, 'Может быть', 4, NULL, 357),
(4308, 'Нет', 6, NULL, 357),
(4309, 'Да', 2, NULL, 365),
(4310, 'Может быть', 3, NULL, 365),
(4311, 'Нет', 5, NULL, 365),
(4312, 'Да', 2, NULL, 386),
(4313, 'Может быть', 4, NULL, 386),
(4314, 'Нет', 6, NULL, 386),
(4315, 'Да', 2, NULL, 392),
(4316, 'Может быть', 4, NULL, 392),
(4317, 'Нет', 5, NULL, 392),
(4318, 'Да', 2, NULL, 398),
(4319, 'Может быть', 4, NULL, 398),
(4320, 'Нет', 5, NULL, 398),
(4321, 'Да', 1, NULL, 401),
(4322, 'Может быть', 3, NULL, 401),
(4323, 'Нет', 6, NULL, 401),
(4324, 'Да', 2, NULL, 427),
(4325, 'Может быть', 3, NULL, 427),
(4326, 'Нет', 5, NULL, 427),
(4327, 'Да', 3, NULL, 433),
(4328, 'Может быть', 4, NULL, 433),
(4329, 'Нет', 5, NULL, 433),
(4330, 'Да', 2, NULL, 436),
(4331, 'Может быть', 4, NULL, 436),
(4332, 'Нет', 5, NULL, 436),
(4333, 'Да', 3, NULL, 442),
(4334, 'Может быть', 4, NULL, 442),
(4335, 'Нет', 5, NULL, 442),
(4336, 'Да', 1, NULL, 467),
(4337, 'Может быть', 3, NULL, 467),
(4338, 'Нет', 5, NULL, 467),
(4339, 'Да', 1, NULL, 471),
(4340, 'Может быть', 3, NULL, 471),
(4341, 'Нет', 5, NULL, 471),
(4342, 'Да', 2, NULL, 478),
(4343, 'Может быть', 4, NULL, 478),
(4344, 'Нет', 6, NULL, 478),
(4345, 'Да', 6, NULL, 481),
(4346, 'Может быть', 4, NULL, 481),
(4347, 'Нет', 2, NULL, 481),
(4348, 'Да', 3, NULL, 509),
(4349, 'Может быть', 4, NULL, 509),
(4350, 'Нет', 6, NULL, 509),
(4351, 'Да', 1, NULL, 511),
(4352, 'Может быть', 3, NULL, 511),
(4353, 'Нет', 5, NULL, 511),
(4354, 'Да', 1, NULL, 516),
(4355, 'Может быть', 4, NULL, 516),
(4356, 'Нет', 5, NULL, 516),
(4357, 'Да', 2, NULL, 522),
(4358, 'Может быть', 4, NULL, 522),
(4359, 'Нет', 5, NULL, 522),
(4360, 'Да', 6, NULL, 328),
(4361, 'Может быть', 4, NULL, 328),
(4362, 'Нет', 3, NULL, 328),
(4363, 'Да', 3, NULL, 332),
(4364, 'Может быть', 4, NULL, 332),
(4365, 'Нет', 5, NULL, 332),
(4366, 'Да', 2, NULL, 337),
(4367, 'Может быть', 4, NULL, 337),
(4368, 'Нет', 6, NULL, 337),
(4369, 'Да', 3, NULL, 341),
(4370, 'Может быть', 4, NULL, 341),
(4371, 'Нет', 4, NULL, 341),
(4372, 'Да', 6, NULL, 366),
(4373, 'Может быть', 4, NULL, 366),
(4374, 'Нет', 4, NULL, 366),
(4375, 'Да', 3, NULL, 373),
(4376, 'Может быть', 4, NULL, 373),
(4377, 'Нет', 5, NULL, 373),
(4378, 'Да', 5, NULL, 376),
(4379, 'Может быть', 4, NULL, 376),
(4380, 'Нет', 2, NULL, 376),
(4381, 'Да', 5, NULL, 382),
(4382, 'Может быть', 4, NULL, 382),
(4383, 'Нет', 4, NULL, 382),
(4384, 'Да', 6, NULL, 410),
(4385, 'Может быть', 3, NULL, 410),
(4386, 'Нет', 3, NULL, 410),
(4387, 'Да', 3, NULL, 415),
(4388, 'Может быть', 3, NULL, 415),
(4389, 'Нет', 5, NULL, 415),
(4390, 'Да', 3, NULL, 417),
(4391, 'Может быть', 4, NULL, 417),
(4392, 'Нет', 4, NULL, 417),
(4393, 'Да', 2, NULL, 424),
(4394, 'Может быть', 4, NULL, 424),
(4395, 'Нет', 5, NULL, 424),
(4396, 'Да', 4, NULL, 446),
(4397, 'Может быть', 4, NULL, 446),
(4398, 'Нет', 5, NULL, 446),
(4399, 'Да', 5, NULL, 452),
(4400, 'Может быть', 4, NULL, 452),
(4401, 'Нет', 4, NULL, 452),
(4402, 'Да', 4, NULL, 459),
(4403, 'Может быть', 4, NULL, 459),
(4404, 'Нет', 3, NULL, 459),
(4405, 'Да', 3, NULL, 462),
(4406, 'Может быть', 3, NULL, 462),
(4407, 'Нет', 6, NULL, 462),
(4408, 'Да', 6, NULL, 487),
(4409, 'Может быть', 4, NULL, 487),
(4410, 'Нет', 3, NULL, 487),
(4411, 'Да', 6, NULL, 493),
(4412, 'Может быть', 4, NULL, 493),
(4413, 'Нет', 3, NULL, 493),
(4414, 'Да', 0, NULL, 500),
(4415, 'Может быть', 1, NULL, 500),
(4416, 'Нет', 5, NULL, 500),
(4417, 'Да', 0, NULL, 504),
(4418, 'Может быть', 1, NULL, 504),
(4419, 'Нет', 5, NULL, 504),
(4420, 'Да', 5, NULL, 348),
(4421, 'Может быть', 4, NULL, 348),
(4422, 'Нет', 3, NULL, 348),
(4423, 'Да', 6, NULL, 354),
(4424, 'Может быть', 3, NULL, 354),
(4425, 'Нет', 3, NULL, 354),
(4426, 'Да', 5, NULL, 356),
(4427, 'Может быть', 4, NULL, 356),
(4428, 'Нет', 4, NULL, 356),
(4429, 'Да', 4, NULL, 363),
(4430, 'Может быть', 4, NULL, 363),
(4431, 'Нет', 5, NULL, 363),
(4432, 'Да', 4, NULL, 390),
(4433, 'Может быть', 4, NULL, 390),
(4434, 'Нет', 5, NULL, 390),
(4435, 'Да', 6, NULL, 391),
(4436, 'Может быть', 4, NULL, 391),
(4437, 'Нет', 3, NULL, 391),
(4438, 'Да', 3, NULL, 397),
(4439, 'Может быть', 4, NULL, 397),
(4440, 'Нет', 4, NULL, 397),
(4441, 'Да', 5, NULL, 404),
(4442, 'Может быть', 4, NULL, 404),
(4443, 'Нет', 3, NULL, 404),
(4444, 'Да', 4, NULL, 428),
(4445, 'Может быть', 4, NULL, 428),
(4446, 'Нет', 6, NULL, 428),
(4447, 'Да', 2, NULL, 432),
(4448, 'Может быть', 3, NULL, 432),
(4449, 'Нет', 6, NULL, 432),
(4450, 'Да', 6, NULL, 439),
(4451, 'Может быть', 4, NULL, 439),
(4452, 'Нет', 3, NULL, 439),
(4453, 'Да', 5, NULL, 445),
(4454, 'Может быть', 4, NULL, 445),
(4455, 'Нет', 3, NULL, 445),
(4456, 'Да', 5, NULL, 470),
(4457, 'Может быть', 5, NULL, 470),
(4458, 'Нет', 3, NULL, 470),
(4459, 'Да', 6, NULL, 472),
(4460, 'Может быть', 4, NULL, 472),
(4461, 'Нет', 4, NULL, 472),
(4462, 'Да', 3, NULL, 479),
(4463, 'Может быть', 3, NULL, 479),
(4464, 'Нет', 5, NULL, 479),
(4465, 'Да', 5, NULL, 484),
(4466, 'Может быть', 4, NULL, 484),
(4467, 'Нет', 2, NULL, 484),
(4468, 'Да', 6, NULL, 510),
(4469, 'Может быть', 6, NULL, 510),
(4470, 'Нет', 3, NULL, 510),
(4471, 'Да', 3, NULL, 512),
(4472, 'Может быть', 3, NULL, 512),
(4473, 'Нет', 5, NULL, 512),
(4474, 'Да', 6, NULL, 520),
(4475, 'Может быть', 4, NULL, 520),
(4476, 'Нет', 2, NULL, 520),
(4477, 'Да', 0, NULL, 524),
(4478, 'Может быть', 3, NULL, 524),
(4479, 'Нет', 5, NULL, 524),
(4480, 'Да', 3, NULL, 329),
(4481, 'Может быть', 4, NULL, 329),
(4482, 'Нет', 6, NULL, 329),
(4483, 'Да', 5, NULL, 335),
(4484, 'Может быть', 4, NULL, 335),
(4485, 'Нет', 4, NULL, 335),
(4486, 'Да', 5, NULL, 338),
(4487, 'Может быть', 4, NULL, 338),
(4488, 'Нет', 3, NULL, 338),
(4489, 'Да', 5, NULL, 345),
(4490, 'Может быть', 5, NULL, 345),
(4491, 'Нет', 3, NULL, 345),
(4492, 'Да', 3, NULL, 370),
(4493, 'Может быть', 4, NULL, 370),
(4494, 'Нет', 5, NULL, 370),
(4495, 'Да', 6, NULL, 374),
(4496, 'Может быть', 4, NULL, 374),
(4497, 'Нет', 4, NULL, 374),
(4498, 'Да', 2, NULL, 380),
(4499, 'Может быть', 5, NULL, 380),
(4500, 'Нет', 6, NULL, 380),
(4501, 'Да', 2, NULL, 385),
(4502, 'Может быть', 5, NULL, 385),
(4503, 'Нет', 6, NULL, 385),
(4504, 'Да', 3, NULL, 407),
(4505, 'Может быть', 4, NULL, 407),
(4506, 'Нет', 6, NULL, 407),
(4507, 'Да', 2, NULL, 414),
(4508, 'Может быть', 5, NULL, 414),
(4509, 'Нет', 6, NULL, 414),
(4510, 'Да', 3, NULL, 420),
(4511, 'Может быть', 4, NULL, 420),
(4512, 'Нет', 5, NULL, 420),
(4513, 'Да', 4, NULL, 425),
(4514, 'Может быть', 3, NULL, 425),
(4515, 'Нет', 1, NULL, 425),
(4516, 'Да', 5, NULL, 448),
(4517, 'Может быть', 4, NULL, 448),
(4518, 'Нет', 3, NULL, 448),
(4519, 'Да', 4, NULL, 451),
(4520, 'Может быть', 4, NULL, 451),
(4521, 'Нет', 6, NULL, 451),
(4522, 'Да', 6, NULL, 458),
(4523, 'Может быть', 4, NULL, 458),
(4524, 'Нет', 3, NULL, 458),
(4525, 'Да', 2, NULL, 465),
(4526, 'Может быть', 5, NULL, 465),
(4527, 'Нет', 6, NULL, 465),
(4528, 'Да', 2, NULL, 486),
(4529, 'Может быть', 5, NULL, 486),
(4530, 'Нет', 6, NULL, 486),
(4531, 'Да', 6, NULL, 492),
(4532, 'Может быть', 4, NULL, 492),
(4533, 'Нет', 2, NULL, 492),
(4534, 'Да', 3, NULL, 497),
(4535, 'Может быть', 4, NULL, 497),
(4536, 'Нет', 6, NULL, 497),
(4537, 'Да', 3, NULL, 505),
(4538, 'Может быть', 5, NULL, 505),
(4539, 'Нет', 6, NULL, 505),
(4540, 'Да', 3, NULL, 349),
(4541, 'Может быть', 5, NULL, 349),
(4542, 'Нет', 6, NULL, 349),
(4543, 'Да', 3, NULL, 355),
(4544, 'Может быть', 4, NULL, 355),
(4545, 'Нет', 6, NULL, 355),
(4546, 'Да', 5, NULL, 360),
(4547, 'Может быть', 5, NULL, 360),
(4548, 'Нет', 2, NULL, 360),
(4549, 'Да', 3, NULL, 362),
(4550, 'Может быть', 4, NULL, 362),
(4551, 'Нет', 6, NULL, 362),
(4552, 'Да', 5, NULL, 388),
(4553, 'Может быть', 4, NULL, 388),
(4554, 'Нет', 4, NULL, 388),
(4555, 'Да', 4, NULL, 395),
(4556, 'Может быть', 4, NULL, 395),
(4557, 'Нет', 5, NULL, 395),
(4558, 'Да', 2, NULL, 399),
(4559, 'Может быть', 4, NULL, 399),
(4560, 'Нет', 6, NULL, 399),
(4561, 'Да', 6, NULL, 405),
(4562, 'Может быть', 3, NULL, 405),
(4563, 'Нет', 3, NULL, 405),
(4564, 'Да', 6, NULL, 430),
(4565, 'Может быть', 4, NULL, 430),
(4566, 'Нет', 3, NULL, 430),
(4567, 'Да', 3, NULL, 434),
(4568, 'Может быть', 4, NULL, 434),
(4569, 'Нет', 5, NULL, 434),
(4570, 'Да', 3, NULL, 440),
(4571, 'Может быть', 4, NULL, 440),
(4572, 'Нет', 6, NULL, 440),
(4573, 'Да', 5, NULL, 444),
(4574, 'Может быть', 4, NULL, 444),
(4575, 'Нет', 3, NULL, 444),
(4576, 'Да', 2, NULL, 468),
(4577, 'Может быть', 4, NULL, 468),
(4578, 'Нет', 6, NULL, 468),
(4579, 'Да', 2, NULL, 475),
(4580, 'Может быть', 5, NULL, 475),
(4581, 'Нет', 6, NULL, 475),
(4582, 'Да', 6, NULL, 477),
(4583, 'Может быть', 5, NULL, 477),
(4584, 'Нет', 3, NULL, 477),
(4585, 'Да', 7, NULL, 482),
(4586, 'Может быть', 5, NULL, 482),
(4587, 'Нет', 2, NULL, 482),
(4588, 'Да', 3, NULL, 507),
(4589, 'Может быть', 4, NULL, 507),
(4590, 'Нет', 6, NULL, 507),
(4591, 'Да', 3, NULL, 514),
(4592, 'Может быть', 5, NULL, 514),
(4593, 'Нет', 5, NULL, 514),
(4594, 'Да', 4, NULL, 519),
(4595, 'Может быть', 5, NULL, 519),
(4596, 'Нет', 6, NULL, 519),
(4597, 'Да', 2, NULL, 523),
(4598, 'Может быть', 5, NULL, 523),
(4599, 'Нет', 6, NULL, 523),
(4600, 'Да', 4, NULL, 330),
(4601, 'Может быть', 4, NULL, 330),
(4602, 'Нет', 5, NULL, 330),
(4603, 'Да', 3, NULL, 334),
(4604, 'Может быть', 4, NULL, 334),
(4605, 'Нет', 4, NULL, 334),
(4606, 'Да', 2, NULL, 339),
(4607, 'Может быть', 4, NULL, 339),
(4608, 'Нет', 5, NULL, 339),
(4609, 'Да', 5, NULL, 344),
(4610, 'Может быть', 3, NULL, 344),
(4611, 'Нет', 3, NULL, 344),
(4612, 'Да', 2, NULL, 369),
(4613, 'Может быть', 3, NULL, 369),
(4614, 'Нет', 6, NULL, 369),
(4615, 'Да', 4, NULL, 375),
(4616, 'Может быть', 4, NULL, 375),
(4617, 'Нет', 3, NULL, 375),
(4618, 'Да', 6, NULL, 379),
(4619, 'Может быть', 3, NULL, 379),
(4620, 'Нет', 3, NULL, 379),
(4621, 'Да', 1, NULL, 384),
(4622, 'Может быть', 3, NULL, 384),
(4623, 'Нет', 5, NULL, 384),
(4624, 'Да', 6, NULL, 409),
(4625, 'Может быть', 3, NULL, 409),
(4626, 'Нет', 2, NULL, 409),
(4627, 'Да', 5, NULL, 413),
(4628, 'Может быть', 4, NULL, 413),
(4629, 'Нет', 3, NULL, 413),
(4630, 'Да', 5, NULL, 419),
(4631, 'Может быть', 4, NULL, 419),
(4632, 'Нет', 4, NULL, 419),
(4633, 'Да', 4, NULL, 423),
(4634, 'Может быть', 4, NULL, 423),
(4635, 'Нет', 5, NULL, 423),
(4636, 'Да', 1, NULL, 450),
(4637, 'Может быть', 3, NULL, 450),
(4638, 'Нет', 4, NULL, 450),
(4639, 'Да', 2, NULL, 454),
(4640, 'Может быть', 5, NULL, 454),
(4641, 'Нет', 6, NULL, 454),
(4642, 'Да', 2, NULL, 460),
(4643, 'Может быть', 4, NULL, 460),
(4644, 'Нет', 5, NULL, 460),
(4645, 'Да', 5, NULL, 464),
(4646, 'Может быть', 4, NULL, 464),
(4647, 'Нет', 4, NULL, 464),
(4648, 'Да', 5, NULL, 488),
(4649, 'Может быть', 4, NULL, 488),
(4650, 'Нет', 4, NULL, 488),
(4651, 'Да', 3, NULL, 495),
(4652, 'Может быть', 4, NULL, 495),
(4653, 'Нет', 5, NULL, 495),
(4654, 'Да', 5, NULL, 499),
(4655, 'Может быть', 4, NULL, 499),
(4656, 'Нет', 3, NULL, 499),
(4657, 'Да', 5, NULL, 503),
(4658, 'Может быть', 3, NULL, 503),
(4659, 'Нет', 3, NULL, 503),
(4660, 'Да', 3, NULL, 350),
(4661, 'Может быть', 1, NULL, 350),
(4662, 'Нет', 5, NULL, 350),
(4663, 'Да', 6, NULL, 353),
(4664, 'Может быть', 2, NULL, 353),
(4665, 'Нет', 2, NULL, 353),
(4666, 'Да', 6, NULL, 359),
(4667, 'Может быть', 3, NULL, 359),
(4668, 'Нет', 3, NULL, 359),
(4669, 'Да', 3, NULL, 364),
(4670, 'Может быть', 4, NULL, 364),
(4671, 'Нет', 5, NULL, 364),
(4672, 'Да', 2, NULL, 389),
(4673, 'Может быть', 2, NULL, 389),
(4674, 'Нет', 6, NULL, 389),
(4675, 'Да', 6, NULL, 394),
(4676, 'Может быть', 3, NULL, 394),
(4677, 'Нет', 3, NULL, 394),
(4678, 'Да', 5, NULL, 400),
(4679, 'Может быть', 3, NULL, 400),
(4680, 'Нет', 3, NULL, 400),
(4681, 'Да', 6, NULL, 402),
(4682, 'Может быть', 2, NULL, 402),
(4683, 'Нет', 2, NULL, 402),
(4684, 'Да', 2, NULL, 429),
(4685, 'Может быть', 3, NULL, 429),
(4686, 'Нет', 6, NULL, 429),
(4687, 'Да', 5, NULL, 435),
(4688, 'Может быть', 4, NULL, 435),
(4689, 'Нет', 4, NULL, 435),
(4690, 'Да', 6, NULL, 437),
(4691, 'Может быть', 2, NULL, 437),
(4692, 'Нет', 2, NULL, 437),
(4693, 'Да', 7, NULL, 443),
(4694, 'Может быть', 2, NULL, 443),
(4695, 'Нет', 2, NULL, 443),
(4696, 'Да', 5, NULL, 469),
(4697, 'Может быть', 4, NULL, 469),
(4698, 'Нет', 3, NULL, 469),
(4699, 'Да', 3, NULL, 474),
(4700, 'Может быть', 5, NULL, 474),
(4701, 'Нет', 5, NULL, 474),
(4702, 'Да', 7, NULL, 480),
(4703, 'Может быть', 1, NULL, 480),
(4704, 'Нет', 1, NULL, 480),
(4705, 'Да', 2, NULL, 485),
(4706, 'Может быть', 2, NULL, 485),
(4707, 'Нет', 6, NULL, 485),
(4708, 'Да', 2, NULL, 508),
(4709, 'Может быть', 4, NULL, 508),
(4710, 'Нет', 6, NULL, 508),
(4711, 'Да', 6, NULL, 515),
(4712, 'Может быть', 2, NULL, 515),
(4713, 'Нет', 2, NULL, 515),
(4714, 'Да', 5, NULL, 518),
(4715, 'Может быть', 4, NULL, 518),
(4716, 'Нет', 3, NULL, 518),
(4717, 'Да', 5, NULL, 525),
(4718, 'Может быть', 3, NULL, 525),
(4719, 'Нет', 3, NULL, 525),
(4720, 'Да', 1, NULL, 1),
(4721, 'Да', 1, NULL, 2),
(4722, 'Да', 1, NULL, 3),
(4723, 'Да', 1, NULL, 4),
(4724, 'Да', 1, NULL, 5),
(4725, 'Да', 1, NULL, 6),
(4726, 'Да', 1, NULL, 7),
(4727, 'Да', 1, NULL, 8),
(4728, 'Да', 1, NULL, 9),
(4729, 'Да', 1, NULL, 10),
(4730, 'Да', 1, NULL, 11),
(4731, 'Да', 1, NULL, 12),
(4732, 'Да', 1, NULL, 13),
(4733, 'Да', 1, NULL, 14),
(4734, 'Да', 1, NULL, 15),
(4735, 'Да', 1, NULL, 16),
(4736, 'Да', 1, NULL, 17),
(4737, 'Да', 1, NULL, 18),
(4738, 'Да', 1, NULL, 19),
(4739, 'Да', 1, NULL, 20),
(4740, 'Да', 1, NULL, 21),
(4741, 'Да', 1, NULL, 22),
(4742, 'Да', 1, NULL, 23),
(4743, 'Да', 1, NULL, 24),
(4744, 'Да', 1, NULL, 25),
(4745, 'Да', 1, NULL, 26),
(4746, 'Да', 1, NULL, 27),
(4747, 'Да', 1, NULL, 28),
(4748, 'Да', 1, NULL, 29),
(4749, 'Да', 1, NULL, 30),
(4750, 'Да', 1, NULL, 31),
(4751, 'Да', 1, NULL, 32),
(4752, 'Да', 1, NULL, 33),
(4753, 'Да', 1, NULL, 34),
(4754, 'Да', 1, NULL, 35),
(4755, 'Да', 1, NULL, 36),
(4756, 'Да', 1, NULL, 37),
(4757, 'Да', 1, NULL, 38),
(4758, 'Да', 1, NULL, 39),
(4759, 'Да', 1, NULL, 40),
(4760, 'Да', 1, NULL, 41),
(4761, 'Да', 1, NULL, 42),
(4762, 'Да', 1, NULL, 43),
(4763, 'Да', 1, NULL, 44),
(4764, 'Да', 1, NULL, 45),
(4765, 'Да', 1, NULL, 46),
(4766, 'Да', 1, NULL, 47),
(4767, 'Да', 1, NULL, 48),
(4768, 'Да', 1, NULL, 49),
(4769, 'Да', 1, NULL, 50),
(4770, 'Да', 1, NULL, 51),
(4771, 'Да', 1, NULL, 52),
(4772, 'Да', 1, NULL, 53),
(4773, 'Да', 1, NULL, 54),
(4774, 'Да', 1, NULL, 55),
(4775, 'Да', 1, NULL, 56),
(4776, 'Да', 1, NULL, 57),
(4777, 'Да', 1, NULL, 58),
(4778, 'Да', 1, NULL, 59),
(4779, 'Да', 1, NULL, 60),
(4780, 'Да', 1, NULL, 61),
(4781, 'Да', 1, NULL, 62),
(4782, 'Да', 1, NULL, 63),
(4783, 'Да', 1, NULL, 64),
(4784, 'Да', 1, NULL, 65),
(4785, 'Да', 1, NULL, 66),
(4786, 'Да', 1, NULL, 67),
(4787, 'Да', 1, NULL, 68),
(4788, 'Да', 1, NULL, 69),
(4789, 'Да', 1, NULL, 70),
(4790, 'Да', 1, NULL, 71),
(4791, 'Да', 1, NULL, 72),
(4792, 'Да', 1, NULL, 73),
(4793, 'Да', 1, NULL, 74),
(4794, 'Да', 1, NULL, 75),
(4795, 'Да', 1, NULL, 76),
(4796, 'Да', 1, NULL, 77),
(4797, 'Да', 1, NULL, 78),
(4798, 'Да', 1, NULL, 79),
(4799, 'Да', 1, NULL, 80),
(4800, 'Да', 1, NULL, 81),
(4801, 'Да', 1, NULL, 82),
(4802, 'Да', 1, NULL, 83),
(4803, 'Да', 1, NULL, 84),
(4804, 'Да', 1, NULL, 85),
(4805, 'Да', 1, NULL, 86),
(4806, 'Да', 1, NULL, 87),
(4807, 'Да', 1, NULL, 88),
(4808, 'Да', 1, NULL, 89),
(4809, 'Да', 1, NULL, 90),
(4810, 'Да', 1, NULL, 91),
(4811, 'Да', 1, NULL, 92),
(4812, 'Да', 1, NULL, 93),
(4813, 'Да', 1, NULL, 94),
(4814, 'Да', 1, NULL, 95),
(4815, 'Да', 1, NULL, 96),
(4816, 'Да', 1, NULL, 97),
(4817, 'Да', 1, NULL, 98),
(4818, 'Да', 1, NULL, 99),
(4819, 'Да', 1, NULL, 100),
(4820, 'Да', 1, NULL, 101),
(4821, 'Да', 1, NULL, 102),
(4822, 'Да', 1, NULL, 103),
(4823, 'Да', 1, NULL, 104),
(4824, 'Да', 1, NULL, 105),
(4825, 'Нет', 0, NULL, 1),
(4826, 'Нет', 0, NULL, 2),
(4827, 'Нет', 0, NULL, 3),
(4828, 'Нет', 0, NULL, 4),
(4829, 'Нет', 0, NULL, 5),
(4830, 'Нет', 0, NULL, 6),
(4831, 'Нет', 0, NULL, 7),
(4832, 'Нет', 0, NULL, 8),
(4833, 'Нет', 0, NULL, 9),
(4834, 'Нет', 0, NULL, 10),
(4835, 'Нет', 0, NULL, 11),
(4836, 'Нет', 0, NULL, 12),
(4837, 'Нет', 0, NULL, 13),
(4838, 'Нет', 0, NULL, 14),
(4839, 'Нет', 0, NULL, 15),
(4840, 'Нет', 0, NULL, 16),
(4841, 'Нет', 0, NULL, 17),
(4842, 'Нет', 0, NULL, 18),
(4843, 'Нет', 0, NULL, 19),
(4844, 'Нет', 0, NULL, 20),
(4845, 'Нет', 0, NULL, 21),
(4846, 'Нет', 0, NULL, 22),
(4847, 'Нет', 0, NULL, 23),
(4848, 'Нет', 0, NULL, 24),
(4849, 'Нет', 0, NULL, 25),
(4850, 'Нет', 0, NULL, 26),
(4851, 'Нет', 0, NULL, 27),
(4852, 'Нет', 0, NULL, 28),
(4853, 'Нет', 0, NULL, 29),
(4854, 'Нет', 0, NULL, 30),
(4855, 'Нет', 0, NULL, 31),
(4856, 'Нет', 0, NULL, 32),
(4857, 'Нет', 0, NULL, 33),
(4858, 'Нет', 0, NULL, 34),
(4859, 'Нет', 0, NULL, 35),
(4860, 'Нет', 0, NULL, 36),
(4861, 'Нет', 0, NULL, 37),
(4862, 'Нет', 0, NULL, 38),
(4863, 'Нет', 0, NULL, 39),
(4864, 'Нет', 0, NULL, 40),
(4865, 'Нет', 0, NULL, 41),
(4866, 'Нет', 0, NULL, 42),
(4867, 'Нет', 0, NULL, 43),
(4868, 'Нет', 0, NULL, 44),
(4869, 'Нет', 0, NULL, 45),
(4870, 'Нет', 0, NULL, 46),
(4871, 'Нет', 0, NULL, 47),
(4872, 'Нет', 0, NULL, 48),
(4873, 'Нет', 0, NULL, 49),
(4874, 'Нет', 0, NULL, 50),
(4875, 'Нет', 0, NULL, 51),
(4876, 'Нет', 0, NULL, 52),
(4877, 'Нет', 0, NULL, 53),
(4878, 'Нет', 0, NULL, 54),
(4879, 'Нет', 0, NULL, 55),
(4880, 'Нет', 0, NULL, 56),
(4881, 'Нет', 0, NULL, 57),
(4882, 'Нет', 0, NULL, 58),
(4883, 'Нет', 0, NULL, 59),
(4884, 'Нет', 0, NULL, 60),
(4885, 'Нет', 0, NULL, 61),
(4886, 'Нет', 0, NULL, 62),
(4887, 'Нет', 0, NULL, 63),
(4888, 'Нет', 0, NULL, 64),
(4889, 'Нет', 0, NULL, 65),
(4890, 'Нет', 0, NULL, 66),
(4891, 'Нет', 0, NULL, 67),
(4892, 'Нет', 0, NULL, 68),
(4893, 'Нет', 0, NULL, 69),
(4894, 'Нет', 0, NULL, 70),
(4895, 'Нет', 0, NULL, 71),
(4896, 'Нет', 0, NULL, 72),
(4897, 'Нет', 0, NULL, 73),
(4898, 'Нет', 0, NULL, 74),
(4899, 'Нет', 0, NULL, 75),
(4900, 'Нет', 0, NULL, 76),
(4901, 'Нет', 0, NULL, 77),
(4902, 'Нет', 0, NULL, 78),
(4903, 'Нет', 0, NULL, 79),
(4904, 'Нет', 0, NULL, 80),
(4905, 'Нет', 0, NULL, 81),
(4906, 'Нет', 0, NULL, 82),
(4907, 'Нет', 0, NULL, 83),
(4908, 'Нет', 0, NULL, 84),
(4909, 'Нет', 0, NULL, 85),
(4910, 'Нет', 0, NULL, 86),
(4911, 'Нет', 0, NULL, 87),
(4912, 'Нет', 0, NULL, 88),
(4913, 'Нет', 0, NULL, 89),
(4914, 'Нет', 0, NULL, 90),
(4915, 'Нет', 0, NULL, 91),
(4916, 'Нет', 0, NULL, 92),
(4917, 'Нет', 0, NULL, 93),
(4918, 'Нет', 0, NULL, 94),
(4919, 'Нет', 0, NULL, 95),
(4920, 'Нет', 0, NULL, 96),
(4921, 'Нет', 0, NULL, 97),
(4922, 'Нет', 0, NULL, 98),
(4923, 'Нет', 0, NULL, 99),
(4924, 'Нет', 0, NULL, 100),
(4925, 'Нет', 0, NULL, 101),
(4926, 'Нет', 0, NULL, 102),
(4927, 'Нет', 0, NULL, 103),
(4928, 'Нет', 0, NULL, 104),
(4929, 'Нет', 0, NULL, 105),
(4930, 'Финансовые мотивы', NULL, NULL, 526),
(4931, 'Общественное признание', NULL, NULL, 526),
(4932, 'Отношение с руководством', NULL, NULL, 526),
(4933, 'Карьера, продвижение по службе', NULL, NULL, 526),
(4934, 'Достижение личного успеха', NULL, NULL, 526),
(4935, 'Содержание работы', NULL, NULL, 526),
(4936, 'Сотрудничество в коллективе', NULL, NULL, 526),
(4937, 'Крутые цели компании', NULL, NULL, 526),
(4938, 'Имидж компании', NULL, NULL, 526),
(4939, 'Престиж профессии', NULL, NULL, 526),
(4940, '«Белая зарплата»', NULL, NULL, 526),
(4941, 'Комфортная атмосфера в коллективе', NULL, NULL, 526),
(4942, 'Возможность обучения', NULL, NULL, 526),
(4943, 'Возможность профессионального роста', NULL, NULL, 526),
(4944, 'Масштабные интересные задачи', NULL, NULL, 526),
(4945, 'Гибкий график', NULL, NULL, 526),
(4946, 'Возможность удалённой работы', NULL, NULL, 526),
(4947, 'Близость работы', NULL, NULL, 526),
(4948, 'Современный офис', NULL, NULL, 526),
(4949, 'Удовольствие от процесса работы', NULL, NULL, 526),
(4950, 'Обеспеченность оргтехникой / упакованное рабочее место', NULL, NULL, 526),
(4951, 'Самостоятельность в работе', NULL, NULL, 526),
(4952, 'Разнообразие работы', NULL, NULL, 526),
(4953, 'Низкая напряжённость труда', NULL, NULL, 526),
(4954, 'Возможность участия в управлении', NULL, NULL, 526),
(4955, 'Другое', NULL, NULL, 526);

-- --------------------------------------------------------

--
-- Структура таблицы `Companies`
--

CREATE TABLE `Companies` (
  `id` int NOT NULL,
  `name` varchar(255) NOT NULL
) ENGINE=InnoDB DEFAULT CHARSET=utf8mb4 COLLATE=utf8mb4_0900_ai_ci;

-- --------------------------------------------------------

--
-- Структура таблицы `Params`
--

CREATE TABLE `Params` (
  `id` int NOT NULL,
  `name` text NOT NULL
) ENGINE=InnoDB DEFAULT CHARSET=utf8mb4 COLLATE=utf8mb4_0900_ai_ci;

--
-- Дамп данных таблицы `Params`
--

INSERT INTO `Params` (`id`, `name`) VALUES
(1, 'А - Организованность / Стабильность / Целеустремлённость'),
(2, 'В - Оптимизм / Честность / Видит решения'),
(3, 'С - Спокойствие / Самоконтроль / Самообладание'),
(4, 'D - Уверенность / Надёжность / Предсказуемость'),
(5, 'E - Активность / Инициативность / Энергичность'),
(6, 'F - Настойчивость / Прямолинейность / Напористость'),
(7, 'G - Ответственность / Разумность / Осознание последствий'),
(8, 'H - Понимание других / Справедливость / Терпимость'),
(9, 'I - Дружелюбие / Отзывчивость / Ориентир на помощь'),
(10, 'J - Общительность / Открытость / Лёгкость / Яркость'),
(11, 'Адаптация в компании'),
(12, 'Вовлечённость'),
(13, 'Гордость за компанию'),
(14, 'Карьера'),
(15, 'Коллектив'),
(16, 'Мотивация'),
(17, 'Найм в компании'),
(18, 'Организация управления'),
(19, 'Ответственность'),
(20, 'Понимание как создавать результат'),
(21, 'Понимание продукта'),
(22, 'Преданность компании'),
(23, 'Руководство компании'),
(24, 'Стремление к развитию');

-- --------------------------------------------------------

--
-- Структура таблицы `QuestionImages`
--

CREATE TABLE `QuestionImages` (
  `id` int NOT NULL,
  `image_path` text NOT NULL,
  `question_id` int DEFAULT NULL
) ENGINE=InnoDB DEFAULT CHARSET=utf8mb4 COLLATE=utf8mb4_0900_ai_ci;

--
-- Дамп данных таблицы `QuestionImages`
--

INSERT INTO `QuestionImages` (`id`, `image_path`, `question_id`) VALUES
(1, '5.jpg', 250),
(2, '18.jpg', 263),
(3, '39.jpg', 284),
(4, '54.jpg', 299),
(5, '66.jpg', 311),
(6, '78.jpg', 323),
(7, '78.jpg', 324),
(8, '78.jpg', 325);

-- --------------------------------------------------------

--
-- Структура таблицы `Questions`
--

CREATE TABLE `Questions` (
  `id` int NOT NULL,
  `questions` text NOT NULL,
  `param_id` int DEFAULT NULL,
  `test_id` int NOT NULL
) ENGINE=InnoDB DEFAULT CHARSET=utf8mb4 COLLATE=utf8mb4_0900_ai_ci;

--
-- Дамп данных таблицы `Questions`
--

INSERT INTO `Questions` (`id`, `questions`, `param_id`, `test_id`) VALUES
(1, 'Я никогда не болею', NULL, 5),
(2, 'Все люди в глубине души хорошие', NULL, 5),
(3, 'Когда я вспоминаю что-нибудь, я могу видеть это', NULL, 5),
(4, 'Когда я вспоминаю какие-либо звуки, я могу слышать их', NULL, 5),
(5, 'Я прекрасно выполняю работу и всегда заканчиваю то, что начинаю', NULL, 5),
(6, 'Со мной не бывает несчастных случаев', NULL, 5),
(7, 'Жизнь - весёлая штука', NULL, 5),
(8, 'Я люблю людей', NULL, 5),
(9, 'Я рассказываю людям о своих глубоких убеждениях', NULL, 5),
(10, 'Иногда вы должны разрушить что-то, если это вам угрожает', NULL, 5),
(11, 'У меня есть симптомы артрита, камней в почках или других болезней, связанных с отложенем веществ', NULL, 5),
(12, 'Я свободно делаю хорошие дела, которые хочу сделать', NULL, 5),
(13, 'Я считаю, что мы все более или менее правы', NULL, 5),
(14, 'У меня всегда есть собственность и я получаю удовольствие от обладания ею', NULL, 5),
(15, 'Неважно насколько изменятся обстоятельства, я переживу это', NULL, 5),
(16, 'Я всегда отстаиваю свою правоту, даже когда подозреваю, что я не прав', NULL, 5),
(17, 'Консервативное отношение зачастую наилучшее', NULL, 5),
(18, 'Человек не может всегда быть прав', NULL, 5),
(19, 'вы не можете позволить людям делать то, что они хотят', NULL, 5),
(20, 'Иногда я не протестую, даже когда я знаю, что я прав', NULL, 5),
(21, 'Ответственность может принести вам вред', NULL, 5),
(22, 'Мне нравится, когда люди разговаривают со мной', NULL, 5),
(23, 'Мне нравится разговаривать с людьми', NULL, 5),
(24, 'Я никогда не забываю отправить письмо по почте, когда меня попросили об этом', NULL, 5),
(25, 'В любой идее может содержаться доля правды', NULL, 5),
(26, 'Я не слушаю плохие новости', NULL, 5),
(27, 'В мире больше правильных вещей, чем неправильных', NULL, 5),
(28, 'Обдумывание новых проектов так же интересно, как и секс', NULL, 5),
(29, 'Все дети чудесны', NULL, 5),
(30, 'Я открыто сержусь на людей', NULL, 5),
(31, 'Не будет никакого вреда в том, что вы твёрдо стоите на своём', NULL, 5),
(32, 'Некоторые люди омерзительны', NULL, 5),
(33, 'Я в очень большой степени являюсь сам собой и я использую это с максимальной выгодой', NULL, 5),
(34, 'Будущее содержит в себе очень много всего', NULL, 5),
(35, 'Я приспосабливаю себя к ситуациям так, как это требуется', NULL, 5),
(36, 'Людям лучше было бы воспринять ответственность серьёзно', NULL, 5),
(37, 'Я владею тем, чем я владею, вопреки им', NULL, 5),
(38, 'Жизнь может быть серьёзной', NULL, 5),
(39, 'Собственность может иногда причинять беспокойство', NULL, 5),
(40, 'Иногда я боюсь, что потеряю какие-нибудь вещи', NULL, 5),
(41, 'Я не могу быть собой', NULL, 5),
(42, 'Прошлое достаточно отвратительно', NULL, 5),
(43, 'Противоположный пол приводит меня в восхищение', NULL, 5),
(44, 'Я никогда не проявляю нетерпение по отношению к детям, как бы шумливы они не были', NULL, 5),
(45, 'Дела всегда идут так, как я хочу, за исключением каких-нибудь совсем уж необычных обстоятельств', NULL, 5),
(46, 'Я нужен многим людям', NULL, 5),
(47, 'Я - полный хозяин для самого себя и своего окружения', NULL, 5),
(48, 'Все мои мысли созидательны и конструктивны', NULL, 5),
(49, 'Моя честность не подвергается сомнению', NULL, 5),
(50, 'Я всегда говорю правду в любых обстоятельствах, несмотря ни на какие последствия', NULL, 5),
(51, 'Многие люди по большей части не правы', NULL, 5),
(52, 'Люди, которые чрезмерно увлекаются сексом, должны быть наказаны', NULL, 5),
(53, 'Для того чтобы люди стали хорошими, их надо наказывать', NULL, 5),
(54, 'Людьми надо управлять \"железной рукой\"', NULL, 5),
(55, 'Мне нравиться реальность такой, какой я её вижу', NULL, 5),
(56, 'Доверять можно всему', NULL, 5),
(57, 'Я так или иначе должен стать самим собой', NULL, 5),
(58, 'Я едва могу смотреть в лицо будущему', NULL, 5),
(59, 'Человек не может всегда быть самим собой', NULL, 5),
(60, 'Следует заботиться о настоящем', NULL, 5),
(61, 'Я ненавижу ждать', NULL, 5),
(62, 'Ложь часто может сослужить лучшую службу, чем правда', NULL, 5),
(63, 'Жизнь часто бывает угрожающей', NULL, 5),
(64, 'Лучше всего быть всегда честным, невзирая ни на что', NULL, 5),
(65, 'Я не напуган', NULL, 5),
(66, 'Мне нравится нести ответственность', NULL, 5),
(67, 'Когда я делаю что-то конструктивное, я никогда не сворачиваю в сторону', NULL, 5),
(68, 'Я никогда не боялся', NULL, 5),
(69, 'Иногда я чувствую себя ответствнным за каждого и за весь мир в целом', NULL, 5),
(70, 'Когда я занят в кокой-нибудь созидательной деятельности, ничто не может заставить меня отступиться от этого', NULL, 5),
(71, 'Жизнь всегда была удивительна', NULL, 5),
(72, 'Невозможно быть полностью высоконравственным', NULL, 5),
(73, 'Цель оправдывает средства, даже если вам приходиться лгать', NULL, 5),
(74, 'Обычно я смел', NULL, 5),
(75, 'Обычно я добиваюсь такого положения, когда мне приходится нести ответственность, невзирая на противодействие', NULL, 5),
(76, 'Я в состоянии понять всё, что угодно', NULL, 5),
(77, 'Жизнь оказывает на меня положительное влияние', NULL, 5),
(78, 'Если кто-нибудь делает мне угрожающие замеания, я нахожу способ ответить на них', NULL, 5),
(79, 'Иногда действительность бывает угрожающей', NULL, 5),
(80, 'Люди пытаются говорить вам плохое', NULL, 5),
(81, 'Иногда человек должен быть кем-то иным', NULL, 5),
(82, 'Общественная ложь не слишком серьёзная', NULL, 5),
(83, 'Если кто-то что-то узнает, это будет плохо', NULL, 5),
(84, 'Я иногда боюсь получить неизлечимое повреждение', NULL, 5),
(85, 'Я всегда улавливаю суть шуток, которые мне говорят', NULL, 5),
(86, 'Люди очень любят работать сообща', NULL, 5),
(87, 'Будущее содержит гораздо больше для меня', NULL, 5),
(88, 'У меня нет порывов, которые я не могу объяснить', NULL, 5),
(89, 'Всё, что я делаю, доставляет мне удовольствие', NULL, 5),
(90, 'Единственный способ получить поддержку от людей - привести их в состояние энтузиазма относительно этого', NULL, 5),
(91, 'Будущее более важно, чем настоящее', NULL, 5),
(92, 'Жизнь была создана только для того, чтобы получать удовольствие', NULL, 5),
(93, 'У человека нет никакого другого выбора кроме как уничтожать своих врагов', NULL, 5),
(94, 'Критика положительно влияет на людей', NULL, 5),
(95, 'Когда я становлюсь раздражённым, лучший для меня способ почувствовать себя лучше - это разрушить что-нибудь', NULL, 5),
(96, 'Жизнь - это серьёзное предприятие и в ней немного удовольствия', NULL, 5),
(97, 'Я всегда являюсь самим собой и никогда не изменяю своей индивидуальности, когда я говорю с людьми', NULL, 5),
(98, 'Я не против ответственности', NULL, 5),
(99, 'Иногда вы должны возражать против чего-либо, но вы должны быть любезным в этой ситуации', NULL, 5),
(100, 'Даже если вам не нравятся люди, вы должны быть сами собой при общении с ними', NULL, 5),
(101, 'Я всегда должен быть счастлив', NULL, 5),
(102, 'Люди доверяют мне', NULL, 5),
(103, 'Я могу понять что-либо, когда я сосредотачиваюсь, и всегда был способен делать это', NULL, 5),
(104, 'Люди встали у меня на пути', NULL, 5),
(105, 'Я никогда не чувствовал боли', NULL, 5),
(106, 'Многие сотрудники компании работают в компании долго', 22, 1),
(107, 'В компании ведётся управление на основе показателей и статистик', 18, 1),
(108, 'Руководитель не всегда выполняет то, что обещает сотрудникам', 23, 1),
(109, 'Сотрудники часто делают вид, что заняты и занимаются своим делами', 16, 1),
(110, 'Сотрудники стремятся особо не высовываться, чтобы не нагрузили работой', 12, 1),
(111, 'В основном сотрудники компании каждый сам по себе и слабо объеденные', 15, 1),
(112, 'Руководитель чаще всего продвигает сотрудников по родству или дружбе', 14, 1),
(113, 'Бывает, что сотрудники не выполняет поставленную руководством задачу или выполняет её посредственно', 19, 1),
(114, 'Профессиональное развитие редко беспокоит сотрудников', 24, 1),
(115, 'В компании большие цели, задачи и перспективы развития', 13, 1),
(116, 'В компании мало откликов при поиске нового сотрудника', 17, 1),
(117, 'Новый сотрудник компании всегда знает что от него ждут и как это ему этого добиться', 11, 1),
(118, 'В компании нет системы отбора кандидатов при найме и берут кого попало', 17, 1),
(119, 'В компании есть сотрудники, которым трудно объяснять как и что делать', 20, 1),
(120, 'Сотрудник компании чаще всего с удовольствием ходят на работу', 12, 1),
(121, 'Начальники чаще всего нанимаются со стороны, а не выращиваются внутри компании', 14, 1),
(122, 'В компании всё чётко распределено и каждый занят своим делам на пользу компании', 18, 1),
(123, 'Сотрудники преданы компании и не хотели бы её менять', 22, 1),
(124, 'В компании есть лидеры, которые вносят позитив и объединяют людей', 15, 1),
(125, 'Сотрудники озабочены тем, чтобы компания росла и развивалась', 24, 1),
(126, 'Руководитель всегда открыт к общению и с ним приятно поговорить', 23, 1),
(127, 'В основном сотрудники компании работают ради зарплаты', 16, 1),
(128, 'Бывает, что сотрудники выполняют лишь часть работы, затем переключаются на другое и забывают завершить предыдущее задание', 19, 1),
(129, 'Сотрудники всегда искренне поддерживают правила и политику компании', 22, 1),
(130, 'Сотрудники не сильно стремятся быть полезными и ценными для компании', 12, 1),
(131, 'Каждый сотрудник понимает что ему делать для общего результата компании', 20, 1),
(132, 'В компании хорошо организовано управление коллективом и распределение обязанностей', 18, 1),
(133, 'В компании есть правила работы с сотрудниками принятыми на работу', 11, 1),
(134, 'Действующие сотрудники редко назначаются руководителями в компании', 14, 1),
(135, 'Почти все сотрудники могут посчитать результат своего труда в любой момент времени', 21, 1),
(136, 'Качество продукта (товара или услуг) вашей компании всегда высокое', 13, 1),
(137, 'Новый сотрудник компании часто не знает к кому ему обратиться с каким-то вопросом', 11, 1),
(138, 'Сотрудники часто не хотят понять что от них требуется', 20, 1),
(139, 'При отборе на вакансии проводится проверка и тестирование кандидатов', 17, 1),
(140, 'Сотрудники могут видеть текущий результат компании в любое время', 21, 1),
(141, 'Хорошие результаты в компании редко поощряются', 16, 1),
(142, 'Все сотрудники с удовольствием сотрудничают и взаимодействуют друг с другом', 15, 1),
(143, 'Сотрудники прикладывают усилия и стремятся вырасти внутри своей компании', 24, 1),
(144, 'В компании работает система наставничества', 11, 1),
(145, 'Большинство сотрудников уйдёт из компании если зарплата снизится на 15-20%', 22, 1),
(146, 'Бывает, что сотрудники отказываются выполнять поставленную задачу, объясняя тем, что им некогда', 19, 1),
(147, 'Сотрудники редко проявляют энтузиазм для того, чтобы повысить результат компании', 12, 1),
(148, 'Руководитель чаще всего является сдержанным к критике и порицанию сотрудников', 23, 1),
(149, 'Большинство сотрудников планируют развиваться и расти в компании', 14, 1),
(150, 'В компании существует чёткое планирование результатов компании и сотрудников', 18, 1),
(151, 'Сотрудники компании всегда стремятся достигать поставленных задач', 16, 1),
(152, 'Бывает, что сотрудники не хотят разобраться как нужно делать правильно', 20, 1),
(153, 'Большинство сотрудников не стремятся к личностному росту', 24, 1),
(154, 'Каждый сотрудник компании знает и понимает что является продуктом компании и в каких параметрах он измеряется', 21, 1),
(155, 'Успехи в развитии и в росте вашей компании заслуживают уважения', 13, 1),
(156, 'В компании есть сотрудник, который помогает с адаптацией новым сотрудникам', 11, 1),
(157, 'Бывает, что сотрудники игнорируют требования, не понимая как сделать', 20, 1),
(158, 'Сотрудники часто приводят своих знакомых на свободные вакансии компании', 17, 1),
(159, 'Каждый сотрудник понимает как его личный результат влияет на результат всей компании', 21, 1),
(160, 'В компании есть сотрудники, которые портят атмосферу', 15, 1),
(161, 'Большинство сотрудников не верят, что в этой компании можно вырасти', 14, 1),
(162, 'Руководитель не особо прислушивается к коллегам и не сильно ценит их мнение', 23, 1),
(163, 'Сотрудники компании слабо действуют когда не видят в этом выгоду', 16, 1),
(164, 'Бывает, что сотрудники не выполняют работу и находят причины, почему она не была выполнена', 19, 1),
(165, 'Сотрудники работают над улучшением своих навыков тренируя их', 24, 1),
(166, 'Большинство сотрудников останутся с компанией, если наступят в трудные времена', 22, 1),
(167, 'В компании по настоящему дружный коллектив', 15, 1),
(168, 'В компании разработаны программы адаптации для каждой должности', 11, 1),
(169, 'Сотрудники гордятся тем, что работают именно в этой компании', 13, 1),
(170, 'Сотрудники компании знают как и в чём измеряется результат труда на их должности', 21, 1),
(171, 'Сотрудники с трудом откликаются на участие в каких-либо рабочих мероприятиях', 12, 1),
(172, 'Руководством организован хороший контроль за работой компанией и сотрудниками', 18, 1),
(173, 'Сотрудникам нравятся тренинги и обучение проводимое в компании', 24, 1),
(174, 'Сотрудники стремятся поддержать руководство компании в любых ситуациях', 22, 1),
(175, 'Хорошие результаты сотрудников позволяют продвинуться выше по карьере', 14, 1),
(176, 'Инициатива и хорошие результаты часто остаются не замеченными руководством', 16, 1),
(177, 'Коллектив не является сплочённым и не готовы постоять друг за друга', 15, 1),
(178, 'Сотрудники всегда выполняют распоряжения непосредственного начальства', 19, 1),
(179, 'Руководитель чаще всего проявляет лидерские качества и сотрудники готовы идти за ним', 23, 1),
(180, 'Продукт компании имеет большую пользу и ценность для клиентов', 13, 1),
(181, 'Никогда сотрудники не говорят, что он не сделал что-то потому, что не знает как', 20, 1),
(182, 'Часто при найме новой должности не полностью подготовлены обязанности, оплата труда, рабочее место', 17, 1),
(183, 'Почти всем сотрудникам компании ставятся планы необходимых результатов', 21, 1),
(184, 'В компании нет системности и управление происходит хаотично', 18, 1),
(185, 'В компанию не трудно находить новых сотрудников', 17, 1),
(186, 'Чаще всего новые сотрудники легко проходят адаптацию в компании', 11, 1),
(187, 'Вы с восхищением рассказываете о вашей компании другим', 13, 1),
(188, 'Каждый сотрудник компании знает конечный результат труда своей должности', 21, 1),
(189, 'Сотрудники компании часто проявляют инициативу в работе', 12, 1),
(190, 'Руководство компании двигает сотрудников по карьере за хорошие результаты', 14, 1),
(191, 'Сотрудники никогда не пытаются улучшить свои условия угрозой увольнения', 22, 1),
(192, 'Большинство сотрудников занимаются самообучением', 24, 1),
(193, 'Сотрудники компании стремятся делать всё возможное, чтобы компания росла', 16, 1),
(194, 'Руководитель редко поддерживает сотрудников и помогает им', 23, 1),
(195, 'Доверие и взаимоуважение в коллективе не очень хорошее', 15, 1),
(196, 'Сотрудники часто не могут принять решения в сложных ситуациях', 19, 1),
(197, 'Новому сотруднику компании всегда проводят ориентацию в первый день работы', 11, 1),
(198, 'Сотрудникам не приходится переспрашивать несколько раз как ему нужно что-то сделать', 20, 1),
(199, 'Вас вдохновляет атмосфера и вы рады работать именно в таком коллективе', 13, 1),
(200, 'Сотрудники компании редко нацелены на результат труда', 21, 1),
(201, 'В компании есть отдельный обученный сотрудник для осуществления найма и подбора персонала', 17, 1),
(202, 'Руководитель делает в компании всё подряд и часто завален работой', 18, 1),
(203, 'Сотрудники компании могут и стремятся вырасти внутри компании', 14, 1),
(204, 'Вы настолько увлечены работой, что рабочее время пролетает для вас незаметно', 12, 1),
(205, 'Бывает, что сотрудники допускают мысль о смене места работы', 22, 1),
(206, 'Сотрудники часто ищут способы профессионального развития', 24, 1),
(207, 'Руководитель всегда знает что делает и проявляет уверенность в своих действиях', 23, 1),
(208, 'Ни у кого из сотрудников не бывает замешательства и все понимают что делать', 20, 1),
(209, 'Вам особо нечего рассказывать другим о том, где вы работаете', 13, 1),
(210, 'Каждый новый сотрудник получает внимание и подготовку с первого дня работы', 11, 1),
(211, 'Сотрудники никогда не критикуют руководство и управление компанией', 19, 1),
(212, 'Сотрудники компании в большинстве своём не очень позитивны', 15, 1),
(213, 'Сотрудники компании чаще не понимают к чему стремится компания в будущем', 16, 1),
(214, 'В компании не бывает текучки кадров', 22, 1),
(215, 'Взаимодействие между сотрудниками плохо отрегулировано и не регламентировано', 18, 1),
(216, 'В компании трудно или не возможно продвинуться по карьерной лестнице', 14, 1),
(217, 'Большинство сотрудников считают свою работу интересной', 12, 1),
(218, 'Сотрудники часто перекладывают ответственность друг на друга', 19, 1),
(219, 'Руководитель любит то, чем занимается и увлекает этим сотрудников', 23, 1),
(220, 'Все сотрудники компании понимают как получить ожидаемый от них результат', 20, 1),
(221, 'Сотрудники в основном стремятся состоятся как специалист', 24, 1),
(222, 'В компании есть и соблюдается технология отбора кандидатов на открытые вакансии', 17, 1),
(223, 'Все сотрудники знают ценность результата труда компании для клиентов', 21, 1),
(224, 'Вы редко ставите в пример другим свою компанию', 13, 1),
(225, 'Новые сотрудники компании проходят обучение для вступления в должность', 11, 1),
(226, 'Часто новые сотрудники компании не проходят испытательный срок', 17, 1),
(227, 'Сотрудники компании часто не понимают что решает его должность в компании', 21, 1),
(228, 'Руководитель не всегда относится уважительно к сотрудникам', 13, 1),
(229, 'В компании есть ряд сотрудников которые продвинулись по карьере', 14, 1),
(230, 'Сотрудники знают цели и задачи компании и готовы их достигать', 16, 1),
(231, 'В компании редко бывают подковёрные игры и интриги', 15, 1),
(232, 'В компании плохо поставлена система руководства и подчинённости каждым отделом и сотрудником', 18, 1),
(233, 'Сотрудники периодически недоговаривают или искажают правду', 19, 1),
(234, 'Сотрудники компании часто мониторят предложения на рынке труда', 22, 1),
(235, 'Сотрудники не любят обучаться во вне рабочее время', 24, 1),
(236, 'Сотрудники редко заинтересованы в результатах работы компании', 12, 1),
(237, 'Руководителя нельзя назвать настоящим организатором', 23, 1),
(238, 'Каждый сотрудник компании знает и понимает всё что ему нужно делать', 20, 1),
(239, 'Сотрудники часто делятся с другими тем, как в компании хорошо обстоят дела', 13, 1),
(240, 'Часто при найме кандидаты не доходят до собеседования', 17, 1),
(241, 'Вас не сильно увлекает то, чем вы занимаетесь на работе', 12, 1),
(242, 'Сотрудники компании постоянно сдают отчёты о результатах своему руководителю', 18, 1),
(243, 'Сотрудники никогда не критикуют и не обвиняют друг друга', 19, 1),
(244, 'Сотрудники готовы сделать что-то больше только, если за это заплатят', 16, 1),
(245, 'Сотрудники компании готовы и нацелены на взаимопомощь друг другу', 15, 1),
(246, 'Если два мороженых стоят восемь рублей, то сколько можно купить на восемьдесят рублей?', NULL, 3),
(247, 'У ребёнка не всегда есть', NULL, 3),
(248, 'Вероятнее всего в школе есть', NULL, 3),
(249, 'Обычно вернее всего можно судить о характере по', NULL, 3),
(250, 'Первая фигура соотносится со второй, как третья соотносится с одной из следующих четырёх. С какой?', NULL, 3),
(251, 'Противоположным к \"неуклюжий\" является', NULL, 3),
(252, 'Луна соотносится с Землёй так же, как Земля соотносится с', NULL, 3),
(253, 'Если первые два утверждения верны, то третье ______ ? <br>\r\nИлья старше Павла.<br>\r\nСергей старше Ильи.<br>\r\nПавел младше Сергея.', NULL, 3),
(254, 'Которое из пяти данных ниже слов менее всего схоже с четырьмя другими?', NULL, 3),
(255, 'Которое из этих слов идет в словаре первым по порядку?', NULL, 3),
(256, 'Алмазы дороже стекла, потому что они', NULL, 3),
(257, 'Какая буква в слове ПЕРГАМЕНТ занимает по счёту то же место (считая от начала), что и в алфавите?', NULL, 3),
(258, 'О воспоминании, которое является неточным, можно сказать, что оно', NULL, 3),
(259, 'Если собака может пробежать 10 метров за ⅕ секунды, то сколько метров она может пробежать за 20 секунд?', NULL, 3),
(260, 'Четыре из этих пяти вещей в чём-то схожи, какой пункт не похож на остальные?', NULL, 3),
(261, 'Если 5 ящиков апельсинов весят 200 килограммов, а каждый пустой ящик весит 5 килограммов, то сколько килограммов апелисинов в пяти ящиках?', NULL, 3),
(262, 'Одно число в следующем ряду выпадает из последовательности: 1, 6, 2, 7, 3, 8, 4, 9, 5, 9. Какое?', NULL, 3),
(263, 'Первая фигура соотносится со второй, как третья соотносится с одной из следующих четырёх. С какой?', NULL, 3),
(264, 'Если 2½ метра проволоки стоят 15 копеек, то сколько будут стоить 20 метров?', NULL, 3),
(265, 'Четыре из этих слов в чем-то похожи. Которое из них не так похоже на остальные?', NULL, 3),
(266, 'Противоположным \"экономный\" является', NULL, 3),
(267, 'Дискуссия всегда предполагает наличие', NULL, 3),
(268, 'Найдите две буквы в слове НЕВРОПАТОЛОГ, между которыми в слове столько же букв, сколько букв между ними в алфавите. Какая из этих двух букв идёт первой в алфавите?', NULL, 3),
(269, 'Если первые два утверждения верны, то третье ________ ?<br>\r\nНельзя стать чемпионом по плаванию без большой тренировки.<br>\r\nДжим часто тренируется в плавании.<br>\r\nДжим будет чемпионом по плаванию.', NULL, 3),
(270, 'Которое из этих выражений менее всего похоже на остальные три?', NULL, 3),
(271, 'Сколько из данных ниже слов можно составить из букв слова КРЕСТОВИНА, используя каждую букву любое количество раз?<br>\r\nФрант, кроссовки, аквамарин, винтовка, верста, треска, антоновка', NULL, 3),
(272, 'В физике закон сохранения энергии является', NULL, 3),
(273, 'Лак относится к бак, как _______ к коза', NULL, 3),
(274, 'Которое из этих слов соотносится с медленный, как много соотносится с мало?', NULL, 3),
(275, 'Противоположное к \"изредка\" это -', NULL, 3),
(276, 'Мужчина и его жена, его две дочери и их мужья и четверо детей в семье каждой дочереи составляют группу из _______ ? человек.', NULL, 3),
(277, 'Противоположное к \"дружелюбию\"', NULL, 3),
(278, 'Кинофильм соотносится с фотографией таким же образом, как _______ соотносится с озером', NULL, 3),
(279, 'На вечеринке всегда есть', NULL, 3),
(280, 'Часы соотносятся со временем, как весы с', NULL, 3),
(281, '\"Действие по изменению позиции\" - хорошее определение для слова', NULL, 3),
(282, 'Если первые два утверждения верно, то третье ______ ?<br>\r\nВсе студенты сдали свои экзамены.<br>\r\nДжон не сдал свой экзамен.<br>\r\nДжон - студент.', NULL, 3),
(283, 'Если слова, данные ниже, переставить, чтобы получилось хорошее предложение, то с какой буквы будет начинаться второе слово в этом предложении?<br>\r\n<b>мужчин две имеет ноги большинство</b>', NULL, 3),
(284, 'Первая фигура соотносится со второй, как третья соотносится с одной из следующих четырёх. С какой?', NULL, 3),
(285, 'Правда относится ко лжи, как _______ ? к отсутствию', NULL, 3),
(286, 'Отец всегда _______ ?, чем его сын', NULL, 3),
(287, 'Такие вещи, как язык, одежда, традиции, цвет кожи, показывают', NULL, 3),
(288, 'Здание всегда имеет', NULL, 3),
(289, 'Что соотносится со сферой так же, как квадрат соотносится с кубом?', NULL, 3),
(290, 'Какая из этих пар слов менее всего похожа на остальные три?', NULL, 3),
(291, 'Два слова <i><b>необходимый</b></i> и <i><b>желанный</b></i> обозначают', NULL, 3),
(292, 'Из пяти слов, данных ниже, четыре определённым образом похожи. Какое слово не похоже на эти четыре?', NULL, 3),
(293, 'Мысль о том, что Земля есть центр Вселенной, является', NULL, 3),
(294, 'Противоположное к храброму', NULL, 3),
(295, 'Противоположное к успеху', NULL, 3),
(296, 'Предшествовать означает \"идти прежде\", предупреждать означает \"сказать прежде\", значит, \"пред-\" означает', NULL, 3),
(297, 'Если 13½ метров проволоки стоят 1,35 рублей, то сколько будут стоит 10½ метров?', NULL, 3),
(298, 'Какое число в этом ряду появляется второй раз ближе к началу?<br>\r\n7 5 6 4 8 9 1 0 6 0 9 9 7 6 5 8 4 1 9 0 2', NULL, 3),
(299, 'Первая фигура соотносится со второй, как третья соотносится с одной из следующих четырёх. С какой?', NULL, 3),
(300, 'Если первые два из данных утверждения верно, то третье<br>\r\nНекоторые из наших знакомых - клерки.<br>\r\nНекоторые из наших знакомых - мужчины.<br>\r\nНекоторые из наших знакомых - мужчины-клерки.', NULL, 3),
(301, 'Если слова, данные ниже, переставить, чтобы получилось хорошее предложение, то на какую букву будет оканчиваться четвёртое слово в предложении?<br>\r\n<b>в журавль синица руке в лучше небе чем</b>', NULL, 3),
(302, 'Сифон изготавливает смесь из 3 частей воды и 2 частей апельсинового сиропа. Сколько литров воды потребуется на изготовление 100 литров смеси?', NULL, 3),
(303, 'Если человек говорит вещи, которые, как он знает, неверны, то его называют', NULL, 3),
(304, 'Которое из этих выражений менее всего похоже на остальные три?', NULL, 3),
(305, 'Если отец может пройти 10 метров в том время, как ребёнок проползает 4 метра, то сколько метров может пройти отец, пока ребёнок проползает 6 метров?', NULL, 3),
(306, 'Утверждение, которое не имеет определённого значения, называют', NULL, 3),
(307, 'Что из следующего является чертой личности?', NULL, 3),
(308, 'В данном ряду одно число неверно - 2, 12, 4, 9, 8, 6, 16, 4. Какое число должно быть вместо него?', NULL, 3),
(309, 'Идущий относится к ушедший, как сейчас относится к', NULL, 3),
(310, 'Если из слов, данных ниже, составить предложение, то на какую букву будет оканчиваться последнее слово в предложении?<br>\r\n<b>знает мать лучший всегда ответ не</b>', NULL, 3),
(311, 'Первая фигура соотносится со второй, как третья соотносится с одной из следующих четырёх. С какой?', NULL, 3),
(312, 'Кусок бечевки в 72 сантиметра длиной садится до 66 сантиметров, если его намочить. Какая длина будет у 96-сантиметровой бечёвки после того, как её намочили?', NULL, 3),
(313, 'Которая из пяти вещей, данных ниже, более всего схожа с этими тремя: известь, хлопок, слоновая кость?', NULL, 3),
(314, 'Если бы Вы смотрели на пять данных ниже слов в зеркало, стоящее прямо вверху страницы, то которое из них выглядело бы почти так же, как если бы Вы смотрели на него прямо?', NULL, 3),
(315, 'Тигр больше всего похож на', NULL, 3),
(316, 'Какое дополнительное слово из пяти слов внизу дополнило бы это предложение наиболее правильно?<br>\r\nУчителя ______ ? мудрее свои учеников', NULL, 3),
(317, 'Какая буква является четвёртой направо от буквы, стоящей посередине между \"Х\" и \"Е\" в слове СТИХОТВОРЕНИЯ?', NULL, 3),
(318, 'Которое из пяти слов, данных ниже, менее всего похоже на остальные четыре?', NULL, 3),
(319, '\"Регресс\" соотносится с \"эволюцией\", как \"прогресс\" соотносится с', NULL, 3),
(320, 'Одно число является неверным в следующем ряду - 2, 4, 8, 16, 32, 60, 128. Каким должно быть это число?', NULL, 3),
(321, 'Если электропоезд движется на север со скоростью 15 км/час, а ветер сильно дует на юг со скоростью 30 км/час, то поезд будет двигаться на юг со скоростью 15 км/час', NULL, 3),
(322, 'Если кусок бечёвки разрезать так, что одна часть составляет две трети от другой части, а общая длина бечёвки - 40 метров, то какова длина короткой части?', NULL, 3),
(323, 'Какая цифра находится здесь в пространстве, которое в окружности и в треугольнике, но не в прямоугольнике?', NULL, 3),
(324, 'Сколько тут есть цифр, каждая из которых входит в две геометрические фигуры (но только в две)?', NULL, 3),
(325, 'Какая цифра входит в ту же геометрическую фигуру или фигуры (и в никакие другие), что и цифра 7?', NULL, 3),
(326, 'Делаете ли вы необдуманные замечания или обвинения, о которых потом сожалеете?', 1, 4),
(327, 'Остаётесь ли вы достаточно спокойны в то время, когда другие начинают терять самообладание?', 3, 4),
(328, 'Просматриваете ли вы расписания движения поездов, телефонные справочники или словари просто ради удовольствия?', 5, 4),
(329, 'Если вас попросят принять какое-то решение, может ли вас поколебать ваше чувство расположения или нерасположения по отношению к человеку, о котором идёт речь?', 7, 4),
(330, 'Намереваетесь ли вы иметь не более двух детей в семье, даже если состояние вашего здоровья и уровень доходов позволят иметь больше детей?', 9, 4),
(331, 'Сводит ли у вас время от времени мышцы, даже если для этого нет никакого логического объяснения?', 3, 4),
(332, 'Предпочитаете ли вы находиться в положении, когда вам не приходится отвечать за принятие решений?', 5, 4),
(333, 'Считают ли другие люди ваши поступки непредсказуемыми?', 1, 4),
(334, 'Считаете ли вы, что на социальное обеспечение должно расходоваться больше денежных средств?', 9, 4),
(335, 'Сильно ли вас интересуют другие люди?', 7, 4),
(336, 'Является ли ваш голос скорее монотонным, нежели гибким?', 3, 4),
(337, 'Ждёте ли вы обычно, чтобы другой человек начал разговор?', 5, 4),
(338, 'Вы с готовностью интересуетесь разговорами других людей?', 7, 4),
(339, 'Помешает ли вам охотиться или ловить рыбу мысль о причинении боли животным или рыбам?', 9, 4),
(340, 'Часто ли вы бываете импульсивны в своем поведении?', 1, 4),
(341, 'Медленно ли вы говорите?', 5, 4),
(342, 'Беспокоит ли вас обычно необходимость беречь здоровье?', 1, 4),
(343, 'Вызывает ли у вас напряжение мышц какое-нибудь неожиданное действие?', 3, 4),
(344, 'Бываете ли вы обычно тактичны в своих требованиях к подчинённым, родственникам и ученикам?', 9, 4),
(345, 'Считаете ли вы, что способны выдать ценное «мгновенное суждение»?', 7, 4),
(346, 'Беспокоят ли вас до сих пор прошлые неудачи?', 2, 4),
(347, 'Бывают ли у вас периоды повышенной активности, продолжающиеся несколько дней?', 4, 4),
(348, 'Возмущают ли вас попытки других людей говорить вам, что вы должны делать?', 6, 4),
(349, 'Трудно ли вам «откровенно в чём-то признаться и взять на себя вину»?', 8, 4),
(350, 'Правда ли, что у вас скорее небольшой круг близких друзей, чем большое количество приятелей, с которыми можно просто поболтать?', 10, 4),
(351, 'Является ли ваша жизнь постоянной борьбой за выживание?', 4, 4),
(352, 'Часто ли вы напеваете или насвистываете просто ради удовольствия?', 2, 4),
(353, 'Считают ли вас друзья сердечным, отзывчивым человеком?', 10, 4),
(354, 'Вам больше нравится отдавать приказы, чем получать их?', 6, 4),
(355, 'Доставляет ли вам удовольствие рассказывать свежие сплетни о ваших знакомых?', 8, 4),
(356, 'Согласились ли бы вы на «строгую дисциплину»?', 6, 4),
(357, 'Сильно ли вас обеспокоила бы мысль о том, что надо начать что-то с нуля?', 4, 4),
(358, 'Пытаетесь ли вы рассмешить других и заставить их улыбаться?', 2, 4),
(359, 'Легко ли вам выражать свои эмоции?', 10, 4),
(360, 'Воздерживаетесь ли вы от высказывания недовольства, если кто-то опоздал на встречу?', 8, 4),
(361, 'Считают ли вас иногда человеком, который портит настроение другим?', 2, 4),
(362, 'Считаете ли вы, что есть люди, которые явно недружелюбны по отношению к вам и «копают» под вас?', 8, 4),
(363, 'Согласились бы вы признать, что были неправы, только ради того, чтобы «сохранить мир»?', 6, 4),
(364, 'Правда ли, что есть всего несколько человек, которых вы любите по-настоящему?', 10, 4),
(365, 'Правда ли, что вы редко бываете счастливы, если только для этого нет особой причины?', 4, 4),
(366, 'Будучи в компании, активно ли вы общаетесь с друзьями?', 5, 4),
(367, 'Принимаете ли вы разумные меры предосторожности, чтобы избежать несчастных случаев?', 1, 4),
(368, 'Нервничаете ли вы при мысли о том, что вам предстоит выступать перед аудиторией?', 3, 4),
(369, 'Если бы вы увидели в магазине товар, на котором явно по ошибке проставлена более низкая цена, чем его настоящая цена, то попытались ли бы вы приобрести его по этой цене?', 9, 4),
(370, 'Часто ли вы ощущаете, что люди смотрят на вас или говорят о вас за вашей спиной?', 7, 4),
(371, 'Правда ли, что вы «вечно попадаете в неприятности»?', 1, 4),
(372, 'Есть ли что-то, чего вы особенно боитесь или не любите?', 3, 4),
(373, 'Правда ли, что вы предпочитаете быть зрителем, нежели участником соревнований?', 5, 4),
(374, 'Легко ли вам непредвзято относиться к происходящему?', 7, 4),
(375, 'Есть ли у вас чёткие устоявшиеся нормы поведения по отношению к членам вашей семьи?', 9, 4),
(376, 'Можете ли вы быть «заводилой» на вечеринке?', 5, 4),
(377, 'Стали бы вы «покупать вещь в кредит» с надеждой, что сможете найти средства погасить этот кредит?', 1, 4),
(378, 'Бывает ли так, что через некоторое время после того, как произошло что-нибудь неожиданное, например несчастный случай или другое неприятное происшествие, вы реагируете на это тем или иным образом?', 3, 4),
(379, 'Правда ли, что вы скорее учитываете пользу для всех заинтересованных сторон, чем только личные интересы?', 9, 4),
(380, 'Когда вы слушаете лектора, кажется ли вам иногда, что лектор говорит именно о вас?', 7, 4),
(381, 'Редко ли посторонние шумы мешают вам сосредоточиться?', 3, 4),
(382, 'Всегда ли вы «в курсе» повседневных дел?', 5, 4),
(383, 'Можете ли вы уверенно запланировать что-нибудь за шесть месяцев вперёд и работать над выполнением этого?', 1, 4),
(384, 'Считаете ли вы, что современная система «тюрем без решёток» обречена на неудачу?', 9, 4),
(385, 'Есть ли у вас склонность к небрежности?', 7, 4),
(386, 'Бывает ли у вас ощущение, что вам всё снится, что всё в жизни нереально?', 4, 4),
(387, 'Быстро ли вы отходите от воздействия плохих новостей?', 2, 4),
(388, 'Когда вы критикуете кого-нибудь, пытаетесь ли вы в то же самое время его подбодрить?', 8, 4),
(389, 'Считают ли вас обычно «холодным» человеком?', 10, 4),
(390, 'Думаете ли вы, что ваши мнения не настолько важны, чтобы сообщать их другим?', 6, 4),
(391, 'Являетесь ли вы настолько уверенным в себе, что это иногда раздражает других?', 6, 4),
(392, 'Держите ли вы «в поле зрения» те вещи, которые вы дали на время своим друзьям?', 4, 4),
(393, 'Доставляет ли вам удовольствие деятельность, выбранная самостоятельно?', 2, 4),
(394, 'Оказывает ли эмоциональная музыка сильное воздействие на вас?', 10, 4),
(395, 'Правда ли, что вы полностью осуждаете человека из-за того, что он ваш соперник или оппонент по какому-то вопросу ваших с ним отношений?', 8, 4),
(396, 'Часто ли вы «сидите и думаете» о смерти, болезни, боли и горе?', 2, 4),
(397, 'Беспокоит ли вас мысль о потере собственного достоинства?', 6, 4),
(398, 'Верно ли, что вы постоянно собираете вещи, которые «могут пригодиться»?', 4, 4),
(399, 'Стали ли бы вы критиковать недостатки человека и указывать на отрицательные моменты в его характере или в его умении что-то делать?', 8, 4),
(400, 'Открыто ли вы выражаете восхищение красивыми вещами?', 10, 4),
(401, 'Бывает ли так, что вы отдаете кому-либо вещи, которые, строго говоря, вам не принадлежат?', 4, 4),
(402, 'Эмоционально ли вы приветствуете людей?', 10, 4),
(403, 'Часто ли вы размышляете о неудачах в прошлом?', 2, 4),
(404, 'Считают ли вас иногда властным человеком в ваших действиях и взглядах?', 6, 4),
(405, 'Принимаете ли вы критику легко и без раздражения?', 8, 4),
(406, 'Правда ли, что вас не беспокоит шум вдалеке, когда вы хотите отдохнуть?', 3, 4),
(407, 'Склонны ли вы к ревности?', 7, 4),
(408, 'Правда ли, что вы склонны откладывать дела на потом, а затем обнаруживаете, что уже слишком поздно?', 1, 4),
(409, 'Верно ли, что вы предпочитаете следовать пожеланиям других, вместо того чтобы делать по-своему?', 9, 4),
(410, 'Легко ли вам начать выполнение нового дела?', 5, 4),
(411, 'Есть ли у вас привычка грызть свои ногти или кончик карандаша?', 3, 4),
(412, 'Преувеличиваете ли вы иногда свои эмоции только ради того, чтобы произвести впечатление?', 1, 4),
(413, 'Если бы ваша страна вторглась в другую страну, то сочувствовали бы вы тем её гражданам, которые отказались от военной службы по политическим или религиозно-этическим убеждениям?', 9, 4),
(414, 'Есть ли такие вещи, касающиеся вас, затрагивание которых вызывает вашу болезненную реакцию?', 7, 4),
(415, 'Правда ли, что у вас немного интересов и видов деятельности, которыми вы занимаетесь по собственному предпочтению?', 5, 4),
(416, 'Бывает ли так, что у вас появляется мысль, которая не оставляет вас несколько дней?', 3, 4),
(417, 'Медленно ли вы едите?', 5, 4),
(418, 'Можете ли вы оказать стабилизирующее воздействие, когда другие начинают паниковать?', 1, 4),
(419, 'Остановитесь ли вы и попытаетесь ли узнать, нужна ли человеку помощь, даже если он вас не попросил об этом?', 9, 4),
(420, 'Склонны ли вы думать, что ваша школа, институт, клуб, команда и т.д. лучше других?', 7, 4),
(421, 'Оплачиваете ли вы свои долги и сдерживаете ли вы свои обещания, если возможно?', 1, 4),
(422, 'Хорошо ли вы спите?', 3, 4),
(423, 'Накажете ли вы физически ребёнка, которому 10 лет, если он откажется вас слушаться?', 9, 4),
(424, 'Предпочитаете ли вы занимать пассивную позицию в группе или организации, к которой вы принадлежите?', 5, 4),
(425, 'Присутствует ли логика и научный подход в вашем образе мыслей?', 7, 4),
(426, 'Верно ли, что у современной молодёжи больше возможностей, чем у молодёжи предыдущего поколения?', 2, 4),
(427, 'Бывает ли так, что вы выбрасываете свои вещи, а потом обнаруживаете, что они вам нужны?', 4, 4),
(428, 'Легко ли вы откажетесь от выбранного направления действий, если оно причиняет вам значительные затруднения?', 6, 4),
(429, 'Верно ли, что вас сильно увлекают только некоторые определённые предметы?', 10, 4),
(430, 'Правда ли, что вы редко питаете подозрение к поступкам других людей?', 8, 4),
(431, 'Верно ли, что вы иногда спрашиваете себя о том, заботится ли о вас кто-то по-настоящему?', 2, 4),
(432, 'Отказываетесь ли вы от ответственности за что-либо, потому что сомневаетесь, что можете с этим справиться?', 6, 4),
(433, 'Кажется ли вам, что вы вынуждены иногда повторять несколько раз какую-то пикантную новость или что-то интересное?', 4, 4),
(434, 'Склонны ли вы преувеличивать обоснованную обиду?', 8, 4),
(435, 'Правда ли, что выражение вашего лица изменчивое, а не застывшее?', 10, 4),
(436, 'Нуждаетесь ли вы обычно в подтверждении или поддержке высказанного вами мнения?', 4, 4),
(437, 'Правда ли, что вы открыто и искренне восхищаетесь красотой других людей?', 10, 4),
(438, 'Нужно ли вам сделать определённое усилие, чтобы подумать о самоубийстве?', 2, 4),
(439, 'Считаете ли вы себя энергичным в своём отношении к жизни?', 6, 4),
(440, 'Может ли расхождение во мнениях повлиять на ваши отношения с другим человеком?', 8, 4),
(441, 'Правда ли, что ваши незначительные неудачи редко вас беспокоят?', 2, 4),
(442, 'Кажется ли вам иногда, что вы говорите слишком много?', 4, 4),
(443, 'Часто ли вы улыбаетесь?', 10, 4),
(444, 'Легко ли вам доставить удовольствие?', 8, 4),
(445, 'Когда вы встречаете открытое сопротивление, то попытаетесь ли вы всё-таки сделать по-своему или настоять на своём?', 6, 4),
(446, 'Если расстояние не слишком большое, предпочтете ли вы ехать на транспорте, нежели идти пешком?', 5, 4),
(447, 'Беспокоит ли вас когда-нибудь шум ветра или «осаживающегося дома»?', 3, 4),
(448, 'Принимаете ли вы во внимание свой жизненный опыт, профессию или образование при формировании своих мнений?', 7, 4),
(449, 'Часто ли вы совершаете грубые бестактные ошибки?', 1, 4),
(450, 'Относитесь ли вы с подозрением к тем людям, которые просят у вас денег взаймы?', 9, 4),
(451, 'Влияют ли на ваши решения ваши личные интересы?', 7, 4),
(452, 'Можете ли вы прийти в полный восторг от какой-нибудь «простой мелочи»?', 5, 4),
(453, 'Часто ли вы предпринимаете действия, даже если ваш здравый смысл говорит вам поступать иначе?', 1, 4),
(454, 'Являетесь ли вы сторонником разделения людей по цвету кожи и классовой принадлежности?', 9, 4),
(455, 'Есть ли у вас такие привычки, как поглаживание волос, носа, ушей и т.п.?', 3, 4),
(456, 'Можете ли вы быстро приспособиться и воспользоваться новыми условиями и ситуациями, даже если они окажутся трудными?', 1, 4),
(457, 'Могут ли некоторые звуки вызвать у вас неприятные ощущения, такие как «зубы сводит»?', 3, 4),
(458, 'Можете ли вы понять точку зрения другого человека, если захотите?', 7, 4),
(459, 'Вы ложитесь спать скорее когда хотите, нежели «по часам»?', 5, 4),
(460, 'Выходите ли вы из себя по поводу «мелких недостатков» других людей?', 9, 4),
(461, 'Раздражают ли вас дети?', 3, 4),
(462, 'Вы менее разговорчивы, чем ваши знакомые?', 5, 4),
(463, 'Выполняете ли вы обычно поручения быстро и систематично?', 1, 4),
(464, 'Окажете ли вы помощь попутчику вместо того, чтобы предоставить это официальным лицам?', 9, 4),
(465, 'Когда вы голосуете, голосуете ли вы всегда за одну и ту же партию, в противоположность тому, чтобы изучать кандидатов и их предвыборные программы?', 7, 4),
(466, 'Часто ли вы размышляете о своих прошлых болезнях или болезненных переживаниях?', 2, 4),
(467, 'Становится ли вам не по себе, если вокруг беспорядок?', 4, 4),
(468, 'Критикуете ли вы обычно фильм или спектакль, который смотрите, или книгу, которую читаете?', 8, 4),
(469, 'Рассказывая какой-нибудь забавный случай, легко ли вы можете подражать манерам или речи участников этого случая?', 10, 4),
(470, 'Считаете ли вы своё мнение достаточно важным, чтобы высказывать его другим людям в той области, где вы не являетесь специалистом?', 6, 4),
(471, 'Стремитесь ли вы прибрать в чужом доме, если там беспорядок?', 4, 4),
(472, 'Можете ли вы легко принять поражение, не испытывая чувство досады?', 6, 4),
(473, 'Часто ли вы чувствуете себя подавленным?', 2, 4),
(474, 'Бывает ли вам неловко в обществе детей?', 10, 4),
(475, 'Если вы не можете что-то сделать, то будете ли вы нервничать, нежели искать замену этой деятельности или системе?', 8, 4),
(476, 'Бываете ли вы иногда полностью неспособным постичь суть вещей?', 2, 4),
(477, 'Редко ли вы высказываетесь о своём недовольстве?', 8, 4),
(478, 'Работаете ли вы «рывками», то есть имеет ли место такое, что вы бываете относительно пассивны, а затем – чрезвычайно активны в течение одного-двух дней?', 4, 4),
(479, 'Беспокоит ли вас количество незавершённых текущих дел, которые у вас есть?', 6, 4),
(480, 'Нравится ли людям быть в вашем обществе?', 10, 4),
(481, 'Могли бы вы позволить человеку отгадать последние слова в кроссворде, не вмешиваясь?', 4, 4),
(482, 'Считаетесь ли вы с лучшими сторонами большинства людей, лишь редко отзываясь о них неуважительно?', 8, 4),
(483, 'Охотно ли вы смеётесь или улыбаетесь?', 2, 4),
(484, 'Являются ли ваш голос и манеры выразительными?', 6, 4),
(485, 'Проявляете ли вы свою несдержанность только по отношению к близким друзьям, если вы вообще её проявляете?', 10, 4),
(486, 'Представляют ли ваши интересы и области знаний такую важность, что оставляют вам мало времени для чего-либо другого?', 7, 4),
(487, 'Хотелось бы вам «начать новое дело» в том месте, где вы живёте?', 5, 4),
(488, 'Можете ли вы убить животное, если это необходимо, чтобы избавить его от боли?', 9, 4),
(489, 'Легко ли вам расслабиться?', 3, 4),
(490, 'Правда ли, что вы мало сожалеете о прошлых невзгодах и неудачах?', 1, 4),
(491, 'Вызывают ли у вас физическую реакцию мрачные предчувствия или страшные мысли?', 3, 4),
(492, 'Можете ли вы положиться на то, что подсказывает вам ваш здравый смысл в эмоциональной ситуации, в которую вы попали?', 7, 4),
(493, 'Мог бы кто-то ещё считать вас по-настоящему активным человеком?', 5, 4),
(494, 'Трудно ли вам приступить к делу, которое необходимо выполнить?', 1, 4),
(495, 'Являетесь ли вы противником «системы испытательных сроков» для преступников?', 9, 4),
(496, 'Много ли времени вы тратите на беспокойство по пустякам?', 3, 4),
(497, 'Трудно ли вам понять во время спора, почему другой человек не может принять вашу точку зрения и, таким образом, согласиться с вами?', 7, 4),
(498, 'Достаточно ли хорошо вы справляетесь с проблемами повседневной жизни?', 1, 4),
(499, 'Правдивы ли вы обычно с окружающими?', 9, 4),
(500, 'Предпочитаете ли вы ждать развития событий, вместо того чтобы начать действовать самому?', 5, 4),
(501, 'Тратите ли вы свои деньги слишком беззаботно, если принимать во внимание ваши заработки?', 1, 4),
(502, 'Способны ли вы пойти на «обоснованный pиcк» без излишних волнений?', 3, 4),
(503, 'Если бы вы попали в незначительную автомобильную аварию, потрудились ли бы вы позаботиться о том, чтобы ущерб, нанесённый вами, был возмещён?', 9, 4),
(504, 'Помыкают ли вами другие люди?', 5, 4),
(505, 'Проявляете ли вы снисходительность к своим друзьям в тех случаях, когда к другим вы бы отнеслись более строго?', 7, 4),
(506, 'Часто ли вы размышляете о своей неполноценности?', 2, 4),
(507, 'Бывает ли так, что люди критикуют вас в разговоре с другими людьми?', 8, 4),
(508, 'Смущают ли вас проявления сердечности при встрече, такие как поцелуй, крепкое объятие, похлопывание по спине, если это происходит на людях?', 10, 4),
(509, 'Часто ли вам приходится не делать того, что хотелось бы, из-за желаний других людей?', 4, 4),
(510, 'Бываете ли вы иногда убеждены в правильности вашего мнения о предмете, даже если вы не являетесь специалистом в нём?', 6, 4),
(511, 'Часто ли вы оказываетесь в ситуации, когда вам приходится «заниматься всеми делами одновременно»?', 4, 4),
(512, 'Имеют ли ваши знакомые более высокое мнение о ваших способностях, чем вы сами?', 6, 4),
(513, 'Ужасает ли вас мысль о смерти или даже напоминание о ней?', 2, 4),
(514, 'Продолжаете ли вы какое-то время чувствовать раздражение после разрешения спора?', 8, 4),
(515, 'Дружелюбны ли ваш голос, выражение лица и отношение к другим?', 10, 4),
(516, 'Кажется ли вам жизнь нереальной и довольно туманной?', 4, 4),
(517, 'Часто ли вы расстраиваетесь из-за судьбы жертв войны и политических беженцев?', 2, 4),
(518, 'Обращаются ли к вам за помощью или за советом просто знакомые со своими личными проблемами?', 10, 4),
(519, 'Если вы теряете какую-то вещь, приходит ли вам в голову мысль о том, что «кто-то, должно быть, украл её или положил не туда»?', 8, 4),
(520, 'Если бы вы подумали, что кто-то с подозрением относится к вам и вашим действиям, вы бы предпочли открыто обсудить с ним это, а не оставить ему разобраться во всём самому?', 6, 4),
(521, 'Чувствуете ли вы, что ваш возраст работает против вас (что вы слишком молоды или слишком стары)?', 2, 4),
(522, 'Бывают ли у вас периоды грусти и подавленности без видимой причины?', 4, 4),
(523, 'Часто ли вы ворчите об условиях жизни, с которыми вам приходится сталкиваться?', 8, 4),
(524, 'Склонны ли вы скрывать свои чувства?', 6, 4),
(525, 'Считаете ли вы, что у вас много сердечных друзей?', 10, 4),
(526, 'Выберите ответы в порядке приоритетности для вас (от самого приоритетного до менее приоритетного)', NULL, 2);

-- --------------------------------------------------------

--
-- Структура таблицы `Tests`
--

CREATE TABLE `Tests` (
  `id` int NOT NULL,
  `name` varchar(255) NOT NULL,
  `description` text NOT NULL
) ENGINE=InnoDB DEFAULT CHARSET=utf8mb4 COLLATE=utf8mb4_0900_ai_ci;

--
-- Дамп данных таблицы `Tests`
--

INSERT INTO `Tests` (`id`, `name`, `description`) VALUES
(1, 'Анализ потенциала', ''),
(2, 'Мотивация персонала', ''),
(3, 'IQ тест', ''),
(4, 'тест OCA', ''),
(5, 'Тест тонов', '');

-- --------------------------------------------------------

--
-- Структура таблицы `Users`
--

CREATE TABLE `Users` (
  `id` int NOT NULL,
  `first_name` varchar(255) DEFAULT NULL,
  `second_name` varchar(255) DEFAULT NULL,
  `last_name` varchar(255) DEFAULT NULL,
  `post_position` varchar(255) DEFAULT NULL,
  `gender` tinyint(1) DEFAULT NULL,
  `is_anon` tinyint(1) NOT NULL,
  `test_time` datetime NOT NULL,
  `company_id` int NOT NULL
) ENGINE=InnoDB DEFAULT CHARSET=utf8mb4 COLLATE=utf8mb4_0900_ai_ci;

-- --------------------------------------------------------

--
-- Структура таблицы `UsersAnswer`
--

CREATE TABLE `UsersAnswer` (
  `id` int NOT NULL,
  `user_id` int NOT NULL,
  `answer_id` int NOT NULL
) ENGINE=InnoDB DEFAULT CHARSET=utf8mb4 COLLATE=utf8mb4_0900_ai_ci;

--
-- Индексы сохранённых таблиц
--

--
-- Индексы таблицы `Answers`
--
ALTER TABLE `Answers`
  ADD PRIMARY KEY (`id`),
  ADD KEY `question_id` (`question_id`);

--
-- Индексы таблицы `Companies`
--
ALTER TABLE `Companies`
  ADD PRIMARY KEY (`id`);

--
-- Индексы таблицы `Params`
--
ALTER TABLE `Params`
  ADD PRIMARY KEY (`id`);

--
-- Индексы таблицы `QuestionImages`
--
ALTER TABLE `QuestionImages`
  ADD PRIMARY KEY (`id`),
  ADD KEY `question_id` (`question_id`);

--
-- Индексы таблицы `Questions`
--
ALTER TABLE `Questions`
  ADD PRIMARY KEY (`id`),
  ADD KEY `param_id` (`param_id`),
  ADD KEY `test_id` (`test_id`);

--
-- Индексы таблицы `Tests`
--
ALTER TABLE `Tests`
  ADD PRIMARY KEY (`id`);

--
-- Индексы таблицы `Users`
--
ALTER TABLE `Users`
  ADD PRIMARY KEY (`id`),
  ADD KEY `company_id` (`company_id`);

--
-- Индексы таблицы `UsersAnswer`
--
ALTER TABLE `UsersAnswer`
  ADD PRIMARY KEY (`id`),
  ADD KEY `user_id` (`user_id`),
  ADD KEY `answer_id` (`answer_id`);

--
-- AUTO_INCREMENT для сохранённых таблиц
--

--
-- AUTO_INCREMENT для таблицы `Answers`
--
ALTER TABLE `Answers`
  MODIFY `id` int NOT NULL AUTO_INCREMENT, AUTO_INCREMENT=4956;

--
-- AUTO_INCREMENT для таблицы `Companies`
--
ALTER TABLE `Companies`
  MODIFY `id` int NOT NULL AUTO_INCREMENT;

--
-- AUTO_INCREMENT для таблицы `Params`
--
ALTER TABLE `Params`
  MODIFY `id` int NOT NULL AUTO_INCREMENT, AUTO_INCREMENT=25;

--
-- AUTO_INCREMENT для таблицы `QuestionImages`
--
ALTER TABLE `QuestionImages`
  MODIFY `id` int NOT NULL AUTO_INCREMENT, AUTO_INCREMENT=9;

--
-- AUTO_INCREMENT для таблицы `Questions`
--
ALTER TABLE `Questions`
  MODIFY `id` int NOT NULL AUTO_INCREMENT, AUTO_INCREMENT=527;

--
-- AUTO_INCREMENT для таблицы `Tests`
--
ALTER TABLE `Tests`
  MODIFY `id` int NOT NULL AUTO_INCREMENT, AUTO_INCREMENT=6;

--
-- AUTO_INCREMENT для таблицы `Users`
--
ALTER TABLE `Users`
  MODIFY `id` int NOT NULL AUTO_INCREMENT;

--
-- AUTO_INCREMENT для таблицы `UsersAnswer`
--
ALTER TABLE `UsersAnswer`
  MODIFY `id` int NOT NULL AUTO_INCREMENT;

--
-- Ограничения внешнего ключа сохраненных таблиц
--

--
-- Ограничения внешнего ключа таблицы `Answers`
--
ALTER TABLE `Answers`
  ADD CONSTRAINT `answers_ibfk_1` FOREIGN KEY (`question_id`) REFERENCES `Questions` (`id`);

--
-- Ограничения внешнего ключа таблицы `QuestionImages`
--
ALTER TABLE `QuestionImages`
  ADD CONSTRAINT `questionimages_ibfk_1` FOREIGN KEY (`question_id`) REFERENCES `Questions` (`id`);

--
-- Ограничения внешнего ключа таблицы `Questions`
--
ALTER TABLE `Questions`
  ADD CONSTRAINT `questions_ibfk_1` FOREIGN KEY (`param_id`) REFERENCES `Params` (`id`),
  ADD CONSTRAINT `questions_ibfk_2` FOREIGN KEY (`test_id`) REFERENCES `Tests` (`id`) ON DELETE RESTRICT ON UPDATE RESTRICT;

--
-- Ограничения внешнего ключа таблицы `Users`
--
ALTER TABLE `Users`
  ADD CONSTRAINT `users_ibfk_1` FOREIGN KEY (`company_id`) REFERENCES `Companies` (`id`);

--
-- Ограничения внешнего ключа таблицы `UsersAnswer`
--
ALTER TABLE `UsersAnswer`
  ADD CONSTRAINT `usersanswer_ibfk_1` FOREIGN KEY (`user_id`) REFERENCES `Users` (`id`),
  ADD CONSTRAINT `usersanswer_ibfk_2` FOREIGN KEY (`answer_id`) REFERENCES `Answers` (`id`);
COMMIT;

/*!40101 SET CHARACTER_SET_CLIENT=@OLD_CHARACTER_SET_CLIENT */;
/*!40101 SET CHARACTER_SET_RESULTS=@OLD_CHARACTER_SET_RESULTS */;
/*!40101 SET COLLATION_CONNECTION=@OLD_COLLATION_CONNECTION */;
